Dataset_Name,Adaptor,lora_rank,clipi,clipt,num_train_epochs,no_of_images,learning_rate,learning_rate_text,alpha_text,alpha_unet,output_path,with_prior_preservation
dog6,1,8,0.7177734375,0.3006525812922297,2,250,5e-06,5e-06,1.0,1.0,/home/btech/ayush.singh/tune_krona_outputs/dog6/krona_8_5e-06_5e-06_400_True/images,True
clock,1,8,0.73681640625,0.3188999720982143,2,250,5e-06,5e-06,1.0,1.0,/home/btech/ayush.singh/tune_krona_outputs/clock/krona_8_5e-06_5e-06_400_True/images,True
teapot,1,8,0.78857421875,0.3464599609375,2,250,5e-06,5e-06,1.0,1.0,/home/btech/ayush.singh/tune_krona_outputs/teapot/krona_8_5e-06_5e-06_400_True/images,True
dog6,1,8,0.72021484375,0.2952418971706081,80,5,5e-06,5e-06,1.0,1.0,/home/btech/ayush.singh/tune_krona_outputs/dog6/krona_8_5e-06_5e-06_400_False/images,False
clock,1,8,0.7470703125,0.3129621233258928,67,6,5e-06,5e-06,1.0,1.0,/home/btech/ayush.singh/tune_krona_outputs/clock/krona_8_5e-06_5e-06_400_False/images,False
dog6,1,8,0.7236328125,0.2985245988175675,4,250,5e-06,5e-06,1.0,1.0,/home/btech/ayush.singh/tune_krona_outputs/dog6/krona_8_5e-06_5e-06_800_True/images,True
clock,1,8,0.7412109375,0.3170514787946428,4,250,5e-06,5e-06,1.0,1.0,/home/btech/ayush.singh/tune_krona_outputs/clock/krona_8_5e-06_5e-06_800_True/images,True
teapot,1,8,0.77197265625,0.3396321614583333,4,250,5e-06,5e-06,1.0,1.0,/home/btech/ayush.singh/tune_krona_outputs/teapot/krona_8_5e-06_5e-06_800_True/images,True
dog2,1,8,0.68359375,0.3033377511160714,2,250,5e-06,5e-06,1.0,1.0,/home/btech/ayush.singh/tune_krona_outputs/dog2/krona_8_5e-06_5e-06_400_True/images,True
cat,1,8,0.76904296875,0.3164230872844827,2,250,5e-06,5e-06,1.0,1.0,/home/btech/ayush.singh/tune_krona_outputs/cat/krona_8_5e-06_5e-06_400_True/images,True
dog6,1,8,0.72509765625,0.3013751055743243,160,5,5e-06,5e-06,1.0,1.0,/home/btech/ayush.singh/tune_krona_outputs/dog6/krona_8_5e-06_5e-06_800_False/images,False
clock,1,8,0.7548828125,0.3145403180803571,134,6,5e-06,5e-06,1.0,1.0,/home/btech/ayush.singh/tune_krona_outputs/clock/krona_8_5e-06_5e-06_800_False/images,False
backpack,1,8,0.78466796875,0.3270053205818966,2,250,5e-06,5e-06,1.0,1.0,/home/btech/ayush.singh/tune_krona_outputs/backpack/krona_8_5e-06_5e-06_400_True/images,True
dog6,1,8,0.72314453125,0.3009165171030405,4,250,5e-06,5e-06,1.0,1.0,/home/btech/ayush.singh/tune_krona_outputs/dog6/krona_8_5e-06_5e-06_1000_True/images,True
clock,1,8,0.7529296875,0.3166242327008928,4,250,5e-06,5e-06,1.0,1.0,/home/btech/ayush.singh/tune_krona_outputs/clock/krona_8_5e-06_5e-06_1000_True/images,True
teapot,1,8,0.76513671875,0.3453450520833333,4,250,5e-06,5e-06,1.0,1.0,/home/btech/ayush.singh/tune_krona_outputs/teapot/krona_8_5e-06_5e-06_1000_True/images,True
dog2,1,8,0.68994140625,0.3087193080357143,4,250,5e-06,5e-06,1.0,1.0,/home/btech/ayush.singh/tune_krona_outputs/dog2/krona_8_5e-06_5e-06_800_True/images,True
cat,1,8,0.77294921875,0.3189486799568966,4,250,5e-06,5e-06,1.0,1.0,/home/btech/ayush.singh/tune_krona_outputs/cat/krona_8_5e-06_5e-06_800_True/images,True
dog6,1,8,0.736328125,0.2928499788851351,200,5,5e-06,5e-06,1.0,1.0,/home/btech/ayush.singh/tune_krona_outputs/dog6/krona_8_5e-06_5e-06_1000_False/images,False
clock,1,8,0.7509765625,0.3174961635044643,167,6,5e-06,5e-06,1.0,1.0,/home/btech/ayush.singh/tune_krona_outputs/clock/krona_8_5e-06_5e-06_1000_False/images,False
backpack,1,8,0.78125,0.3253215921336206,4,250,5e-06,5e-06,1.0,1.0,/home/btech/ayush.singh/tune_krona_outputs/backpack/krona_8_5e-06_5e-06_800_True/images,True
dog6,1,8,0.72021484375,0.3035228832347973,5,250,5e-06,5e-06,1.0,1.0,/home/btech/ayush.singh/tune_krona_outputs/dog6/krona_8_5e-06_5e-06_1200_True/images,True
clock,1,8,0.74755859375,0.3166416713169643,5,250,5e-06,5e-06,1.0,1.0,/home/btech/ayush.singh/tune_krona_outputs/clock/krona_8_5e-06_5e-06_1200_True/images,True
teapot,1,8,0.77294921875,0.33916015625,5,250,5e-06,5e-06,1.0,1.0,/home/btech/ayush.singh/tune_krona_outputs/teapot/krona_8_5e-06_5e-06_1200_True/images,True
dog6,1,8,0.72314453125,0.3022724873310811,2,250,5e-06,2e-06,1.0,1.0,/home/btech/ayush.singh/tune_krona_outputs/dog6/krona_8_5e-06_2e-06_400_True/images,True
clock,1,8,0.7421875,0.3153512137276785,2,250,5e-06,2e-06,1.0,1.0,/home/btech/ayush.singh/tune_krona_outputs/clock/krona_8_5e-06_2e-06_400_True/images,True
dog6,1,8,0.73291015625,0.3006426836993243,240,5,5e-06,5e-06,1.0,1.0,/home/btech/ayush.singh/tune_krona_outputs/dog6/krona_8_5e-06_5e-06_1200_False/images,False
cat,1,8,0.775390625,0.3214069234913793,4,250,5e-06,5e-06,1.0,1.0,/home/btech/ayush.singh/tune_krona_outputs/cat/krona_8_5e-06_5e-06_1000_True/images,True
teapot,1,8,0.7626953125,0.3451334635416667,2,250,5e-06,2e-06,1.0,1.0,/home/btech/ayush.singh/tune_krona_outputs/teapot/krona_8_5e-06_2e-06_400_True/images,True
dog2,1,8,0.68896484375,0.3072579520089286,4,250,5e-06,5e-06,1.0,1.0,/home/btech/ayush.singh/tune_krona_outputs/dog2/krona_8_5e-06_5e-06_1000_True/images,True
clock,1,8,0.7529296875,0.3156215122767857,200,6,5e-06,5e-06,1.0,1.0,/home/btech/ayush.singh/tune_krona_outputs/clock/krona_8_5e-06_5e-06_1200_False/images,False
dog6,1,8,0.7138671875,0.2982177734375,80,5,5e-06,2e-06,1.0,1.0,/home/btech/ayush.singh/tune_krona_outputs/dog6/krona_8_5e-06_2e-06_400_False/images,False
clock,1,8,0.73583984375,0.3201904296875,67,6,5e-06,2e-06,1.0,1.0,/home/btech/ayush.singh/tune_krona_outputs/clock/krona_8_5e-06_2e-06_400_False/images,False
backpack,1,8,0.7783203125,0.3262055495689655,4,250,5e-06,5e-06,1.0,1.0,/home/btech/ayush.singh/tune_krona_outputs/backpack/krona_8_5e-06_5e-06_1000_True/images,True
dog6,1,8,0.71826171875,0.300098316089527,4,250,5e-06,2e-06,1.0,1.0,/home/btech/ayush.singh/tune_krona_outputs/dog6/krona_8_5e-06_2e-06_800_True/images,True
clock,1,8,0.75146484375,0.3173828125,4,250,5e-06,2e-06,1.0,1.0,/home/btech/ayush.singh/tune_krona_outputs/clock/krona_8_5e-06_2e-06_800_True/images,True
teapot,1,8,0.77392578125,0.3465413411458333,4,250,5e-06,2e-06,1.0,1.0,/home/btech/ayush.singh/tune_krona_outputs/teapot/krona_8_5e-06_2e-06_800_True/images,True
dog6,1,8,0.7236328125,0.2978218697212837,160,5,5e-06,2e-06,1.0,1.0,/home/btech/ayush.singh/tune_krona_outputs/dog6/krona_8_5e-06_2e-06_800_False/images,False
clock,1,8,0.73974609375,0.3199026925223214,134,6,5e-06,2e-06,1.0,1.0,/home/btech/ayush.singh/tune_krona_outputs/clock/krona_8_5e-06_2e-06_800_False/images,False
cat,1,8,0.7705078125,0.3131650727370689,5,250,5e-06,5e-06,1.0,1.0,/home/btech/ayush.singh/tune_krona_outputs/cat/krona_8_5e-06_5e-06_1200_True/images,True
dog2,1,8,0.6943359375,0.3035365513392857,5,250,5e-06,5e-06,1.0,1.0,/home/btech/ayush.singh/tune_krona_outputs/dog2/krona_8_5e-06_5e-06_1200_True/images,True
dog6,1,8,0.71337890625,0.2949944573479729,4,250,5e-06,2e-06,1.0,1.0,/home/btech/ayush.singh/tune_krona_outputs/dog6/krona_8_5e-06_2e-06_1000_True/images,True
clock,1,8,0.7353515625,0.3204694475446428,4,250,5e-06,2e-06,1.0,1.0,/home/btech/ayush.singh/tune_krona_outputs/clock/krona_8_5e-06_2e-06_1000_True/images,True
teapot,1,8,0.77587890625,0.3445149739583333,4,250,5e-06,2e-06,1.0,1.0,/home/btech/ayush.singh/tune_krona_outputs/teapot/krona_8_5e-06_2e-06_1000_True/images,True
backpack,1,8,0.78125,0.334051724137931,5,250,5e-06,5e-06,1.0,1.0,/home/btech/ayush.singh/tune_krona_outputs/backpack/krona_8_5e-06_5e-06_1200_True/images,True
cat,1,8,0.7783203125,0.3193948679956896,2,250,5e-06,2e-06,1.0,1.0,/home/btech/ayush.singh/tune_krona_outputs/cat/krona_8_5e-06_2e-06_400_True/images,True
dog6,1,8,0.72705078125,0.2953507706925675,200,5,5e-06,2e-06,1.0,1.0,/home/btech/ayush.singh/tune_krona_outputs/dog6/krona_8_5e-06_2e-06_1000_False/images,False
clock,1,8,0.75048828125,0.3119245256696428,167,6,5e-06,2e-06,1.0,1.0,/home/btech/ayush.singh/tune_krona_outputs/clock/krona_8_5e-06_2e-06_1000_False/images,False
dog2,1,8,0.68798828125,0.3074114118303571,2,250,5e-06,2e-06,1.0,1.0,/home/btech/ayush.singh/tune_krona_outputs/dog2/krona_8_5e-06_2e-06_400_True/images,True
backpack,1,8,0.787109375,0.3290847252155172,2,250,5e-06,2e-06,1.0,1.0,/home/btech/ayush.singh/tune_krona_outputs/backpack/krona_8_5e-06_2e-06_400_True/images,True
dog6,1,8,0.7314453125,0.2986103779560811,5,250,5e-06,2e-06,1.0,1.0,/home/btech/ayush.singh/tune_krona_outputs/dog6/krona_8_5e-06_2e-06_1200_True/images,True
clock,1,8,0.73681640625,0.3150111607142857,5,250,5e-06,2e-06,1.0,1.0,/home/btech/ayush.singh/tune_krona_outputs/clock/krona_8_5e-06_2e-06_1200_True/images,True
teapot,1,8,0.7744140625,0.3430908203125,5,250,5e-06,2e-06,1.0,1.0,/home/btech/ayush.singh/tune_krona_outputs/teapot/krona_8_5e-06_2e-06_1200_True/images,True
cat,1,8,0.7890625,0.317273370150862,4,250,5e-06,2e-06,1.0,1.0,/home/btech/ayush.singh/tune_krona_outputs/cat/krona_8_5e-06_2e-06_800_True/images,True
clock,1,8,0.7392578125,0.3206525530133928,200,6,5e-06,2e-06,1.0,1.0,/home/btech/ayush.singh/tune_krona_outputs/clock/krona_8_5e-06_2e-06_1200_False/images,False
dog6,1,8,0.73388671875,0.2969376847550675,240,5,5e-06,2e-06,1.0,1.0,/home/btech/ayush.singh/tune_krona_outputs/dog6/krona_8_5e-06_2e-06_1200_False/images,False
dog2,1,8,0.68017578125,0.3086774553571428,4,250,5e-06,2e-06,1.0,1.0,/home/btech/ayush.singh/tune_krona_outputs/dog2/krona_8_5e-06_2e-06_800_True/images,True
dog6,1,8,0.7255859375,0.3016555373733108,2,250,5e-06,1e-06,1.0,1.0,/home/btech/ayush.singh/tune_krona_outputs/dog6/krona_8_5e-06_1e-06_400_True/images,True
clock,1,8,0.74951171875,0.3191964285714285,2,250,5e-06,1e-06,1.0,1.0,/home/btech/ayush.singh/tune_krona_outputs/clock/krona_8_5e-06_1e-06_400_True/images,True
teapot,1,8,0.779296875,0.3415201822916666,2,250,5e-06,1e-06,1.0,1.0,/home/btech/ayush.singh/tune_krona_outputs/teapot/krona_8_5e-06_1e-06_400_True/images,True
clock,1,8,0.75732421875,0.3109654017857143,67,6,5e-06,1e-06,1.0,1.0,/home/btech/ayush.singh/tune_krona_outputs/clock/krona_8_5e-06_1e-06_400_False/images,False
dog6,1,8,0.7177734375,0.2985081028293919,80,5,5e-06,1e-06,1.0,1.0,/home/btech/ayush.singh/tune_krona_outputs/dog6/krona_8_5e-06_1e-06_400_False/images,False
backpack,1,8,0.78125,0.3259108970905172,4,250,5e-06,2e-06,1.0,1.0,/home/btech/ayush.singh/tune_krona_outputs/backpack/krona_8_5e-06_2e-06_800_True/images,True
clock,1,8,0.7529296875,0.3204781668526785,4,250,5e-06,1e-06,1.0,1.0,/home/btech/ayush.singh/tune_krona_outputs/clock/krona_8_5e-06_1e-06_800_True/images,True
dog6,1,8,0.7275390625,0.2975018475506756,4,250,5e-06,1e-06,1.0,1.0,/home/btech/ayush.singh/tune_krona_outputs/dog6/krona_8_5e-06_1e-06_800_True/images,True
teapot,1,8,0.76513671875,0.3498372395833333,4,250,5e-06,1e-06,1.0,1.0,/home/btech/ayush.singh/tune_krona_outputs/teapot/krona_8_5e-06_1e-06_800_True/images,True
clock,1,8,0.74462890625,0.3176967075892857,134,6,5e-06,1e-06,1.0,1.0,/home/btech/ayush.singh/tune_krona_outputs/clock/krona_8_5e-06_1e-06_800_False/images,False
cat,1,8,0.78173828125,0.3142847521551724,4,250,5e-06,2e-06,1.0,1.0,/home/btech/ayush.singh/tune_krona_outputs/cat/krona_8_5e-06_2e-06_1000_True/images,True
dog6,1,8,0.72607421875,0.3028993348817567,160,5,5e-06,1e-06,1.0,1.0,/home/btech/ayush.singh/tune_krona_outputs/dog6/krona_8_5e-06_1e-06_800_False/images,False
dog2,1,8,0.68408203125,0.3047223772321428,4,250,5e-06,2e-06,1.0,1.0,/home/btech/ayush.singh/tune_krona_outputs/dog2/krona_8_5e-06_2e-06_1000_True/images,True
clock,1,8,0.74462890625,0.3151942661830357,4,250,5e-06,1e-06,1.0,1.0,/home/btech/ayush.singh/tune_krona_outputs/clock/krona_8_5e-06_1e-06_1000_True/images,True
backpack,1,8,0.7890625,0.3268622036637931,4,250,5e-06,2e-06,1.0,1.0,/home/btech/ayush.singh/tune_krona_outputs/backpack/krona_8_5e-06_2e-06_1000_True/images,True
dog6,1,8,0.73046875,0.2988677153716216,4,250,5e-06,1e-06,1.0,1.0,/home/btech/ayush.singh/tune_krona_outputs/dog6/krona_8_5e-06_1e-06_1000_True/images,True
teapot,1,8,0.771484375,0.3443929036458333,4,250,5e-06,1e-06,1.0,1.0,/home/btech/ayush.singh/tune_krona_outputs/teapot/krona_8_5e-06_1e-06_1000_True/images,True
clock,1,8,0.740234375,0.3172520228794643,167,6,5e-06,1e-06,1.0,1.0,/home/btech/ayush.singh/tune_krona_outputs/clock/krona_8_5e-06_1e-06_1000_False/images,False
dog6,1,8,0.7060546875,0.3014509871199324,200,5,5e-06,1e-06,1.0,1.0,/home/btech/ayush.singh/tune_krona_outputs/dog6/krona_8_5e-06_1e-06_1000_False/images,False
cat,1,8,0.77099609375,0.3211627828663793,5,250,5e-06,2e-06,1.0,1.0,/home/btech/ayush.singh/tune_krona_outputs/cat/krona_8_5e-06_2e-06_1200_True/images,True
dog2,1,8,0.6865234375,0.3047433035714286,5,250,5e-06,2e-06,1.0,1.0,/home/btech/ayush.singh/tune_krona_outputs/dog2/krona_8_5e-06_2e-06_1200_True/images,True
clock,1,8,0.7314453125,0.3191615513392857,5,250,5e-06,1e-06,1.0,1.0,/home/btech/ayush.singh/tune_krona_outputs/clock/krona_8_5e-06_1e-06_1200_True/images,True
teapot,1,8,0.76806640625,0.3442138671875,5,250,5e-06,1e-06,1.0,1.0,/home/btech/ayush.singh/tune_krona_outputs/teapot/krona_8_5e-06_1e-06_1200_True/images,True
dog6,1,8,0.72509765625,0.3006723764780405,5,250,5e-06,1e-06,1.0,1.0,/home/btech/ayush.singh/tune_krona_outputs/dog6/krona_8_5e-06_1e-06_1200_True/images,True
clock,1,8,0.75732421875,0.3186122349330357,200,6,5e-06,1e-06,1.0,1.0,/home/btech/ayush.singh/tune_krona_outputs/clock/krona_8_5e-06_1e-06_1200_False/images,False
dog6,1,8,0.7158203125,0.2970795502533784,240,5,5e-06,1e-06,1.0,1.0,/home/btech/ayush.singh/tune_krona_outputs/dog6/krona_8_5e-06_1e-06_1200_False/images,False
clock,1,8,0.7509765625,0.3177228655133928,2,250,5e-06,5e-05,1.0,1.0,/home/btech/ayush.singh/tune_krona_outputs/clock/krona_8_5e-06_5e-05_400_True/images,True
backpack,1,8,0.787109375,0.3286469558189655,5,250,5e-06,2e-06,1.0,1.0,/home/btech/ayush.singh/tune_krona_outputs/backpack/krona_8_5e-06_2e-06_1200_True/images,True
cat,1,8,0.775390625,0.3201609644396552,2,250,5e-06,1e-06,1.0,1.0,/home/btech/ayush.singh/tune_krona_outputs/cat/krona_8_5e-06_1e-06_400_True/images,True
teapot,1,8,0.7802734375,0.3394856770833333,2,250,5e-06,5e-05,1.0,1.0,/home/btech/ayush.singh/tune_krona_outputs/teapot/krona_8_5e-06_5e-05_400_True/images,True
dog6,1,8,0.72216796875,0.2974490603885135,2,250,5e-06,5e-05,1.0,1.0,/home/btech/ayush.singh/tune_krona_outputs/dog6/krona_8_5e-06_5e-05_400_True/images,True
dog2,1,8,0.6923828125,0.3084193638392857,2,250,5e-06,1e-06,1.0,1.0,/home/btech/ayush.singh/tune_krona_outputs/dog2/krona_8_5e-06_1e-06_400_True/images,True
clock,1,8,0.75048828125,0.3167637416294643,67,6,5e-06,5e-05,1.0,1.0,/home/btech/ayush.singh/tune_krona_outputs/clock/krona_8_5e-06_5e-05_400_False/images,False
dog6,1,8,0.7314453125,0.2972016205658784,80,5,5e-06,5e-05,1.0,1.0,/home/btech/ayush.singh/tune_krona_outputs/dog6/krona_8_5e-06_5e-05_400_False/images,False
backpack,1,8,0.7822265625,0.3260540140086206,2,250,5e-06,1e-06,1.0,1.0,/home/btech/ayush.singh/tune_krona_outputs/backpack/krona_8_5e-06_1e-06_400_True/images,True
clock,1,8,0.77294921875,0.3052891322544643,4,250,5e-06,5e-05,1.0,1.0,/home/btech/ayush.singh/tune_krona_outputs/clock/krona_8_5e-06_5e-05_800_True/images,True
teapot,1,8,0.78173828125,0.3393147786458333,4,250,5e-06,5e-05,1.0,1.0,/home/btech/ayush.singh/tune_krona_outputs/teapot/krona_8_5e-06_5e-05_800_True/images,True
dog6,1,8,0.74609375,0.2906065244932432,4,250,5e-06,5e-05,1.0,1.0,/home/btech/ayush.singh/tune_krona_outputs/dog6/krona_8_5e-06_5e-05_800_True/images,True
clock,1,8,0.7880859375,0.3006068638392857,134,6,5e-06,5e-05,1.0,1.0,/home/btech/ayush.singh/tune_krona_outputs/clock/krona_8_5e-06_5e-05_800_False/images,False
cat,1,8,0.77880859375,0.3178584657866379,4,250,5e-06,1e-06,1.0,1.0,/home/btech/ayush.singh/tune_krona_outputs/cat/krona_8_5e-06_1e-06_800_True/images,True
dog6,1,8,0.75244140625,0.2909661370354729,160,5,5e-06,5e-05,1.0,1.0,/home/btech/ayush.singh/tune_krona_outputs/dog6/krona_8_5e-06_5e-05_800_False/images,False
dog2,1,8,0.701171875,0.3049560546875,4,250,5e-06,1e-06,1.0,1.0,/home/btech/ayush.singh/tune_krona_outputs/dog2/krona_8_5e-06_1e-06_800_True/images,True
backpack,1,8,0.78515625,0.3307431977370689,4,250,5e-06,1e-06,1.0,1.0,/home/btech/ayush.singh/tune_krona_outputs/backpack/krona_8_5e-06_1e-06_800_True/images,True
clock,1,8,0.77099609375,0.3095877511160714,4,250,5e-06,5e-05,1.0,1.0,/home/btech/ayush.singh/tune_krona_outputs/clock/krona_8_5e-06_5e-05_1000_True/images,True
teapot,1,8,0.78271484375,0.3416829427083333,4,250,5e-06,5e-05,1.0,1.0,/home/btech/ayush.singh/tune_krona_outputs/teapot/krona_8_5e-06_5e-05_1000_True/images,True
dog6,1,8,0.74755859375,0.2930512299408784,4,250,5e-06,5e-05,1.0,1.0,/home/btech/ayush.singh/tune_krona_outputs/dog6/krona_8_5e-06_5e-05_1000_True/images,True
clock,1,8,0.79248046875,0.2996564592633928,167,6,5e-06,5e-05,1.0,1.0,/home/btech/ayush.singh/tune_krona_outputs/clock/krona_8_5e-06_5e-05_1000_False/images,False
dog6,1,8,0.74169921875,0.2911772856841216,200,5,5e-06,5e-05,1.0,1.0,/home/btech/ayush.singh/tune_krona_outputs/dog6/krona_8_5e-06_5e-05_1000_False/images,False
cat,1,8,0.7783203125,0.3115486934267241,4,250,5e-06,1e-06,1.0,1.0,/home/btech/ayush.singh/tune_krona_outputs/cat/krona_8_5e-06_1e-06_1000_True/images,True
dog2,1,8,0.68359375,0.3014857700892857,4,250,5e-06,1e-06,1.0,1.0,/home/btech/ayush.singh/tune_krona_outputs/dog2/krona_8_5e-06_1e-06_1000_True/images,True
clock,1,8,0.7802734375,0.3019060407366071,5,250,5e-06,5e-05,1.0,1.0,/home/btech/ayush.singh/tune_krona_outputs/clock/krona_8_5e-06_5e-05_1200_True/images,True
backpack,1,8,0.78125,0.3301286368534483,4,250,5e-06,1e-06,1.0,1.0,/home/btech/ayush.singh/tune_krona_outputs/backpack/krona_8_5e-06_1e-06_1000_True/images,True
clock,1,8,0.7998046875,0.3040858677455357,200,6,5e-06,5e-05,1.0,1.0,/home/btech/ayush.singh/tune_krona_outputs/clock/krona_8_5e-06_5e-05_1200_False/images,False
teapot,1,8,0.7890625,0.3353108723958333,5,250,5e-06,5e-05,1.0,1.0,/home/btech/ayush.singh/tune_krona_outputs/teapot/krona_8_5e-06_5e-05_1200_True/images,True
dog6,1,8,0.7509765625,0.2955586201435811,5,250,5e-06,5e-05,1.0,1.0,/home/btech/ayush.singh/tune_krona_outputs/dog6/krona_8_5e-06_5e-05_1200_True/images,True
dog6,1,8,0.74755859375,0.2972610061233108,240,5,5e-06,5e-05,1.0,1.0,/home/btech/ayush.singh/tune_krona_outputs/dog6/krona_8_5e-06_5e-05_1200_False/images,False
clock,1,8,0.7626953125,0.3153424944196428,2,250,5e-06,2e-05,1.0,1.0,/home/btech/ayush.singh/tune_krona_outputs/clock/krona_8_5e-06_2e-05_400_True/images,True
clock,1,8,0.74072265625,0.3135986328125,67,6,5e-06,2e-05,1.0,1.0,/home/btech/ayush.singh/tune_krona_outputs/clock/krona_8_5e-06_2e-05_400_False/images,False
teapot,1,8,0.76953125,0.3432210286458333,2,250,5e-06,2e-05,1.0,1.0,/home/btech/ayush.singh/tune_krona_outputs/teapot/krona_8_5e-06_2e-05_400_True/images,True
dog6,1,8,0.728515625,0.2944797825168919,2,250,5e-06,2e-05,1.0,1.0,/home/btech/ayush.singh/tune_krona_outputs/dog6/krona_8_5e-06_2e-05_400_True/images,True
dog6,1,8,0.73779296875,0.2975447371199324,80,5,5e-06,2e-05,1.0,1.0,/home/btech/ayush.singh/tune_krona_outputs/dog6/krona_8_5e-06_2e-05_400_False/images,False
cat,1,8,0.77490234375,0.3194622171336206,5,250,5e-06,1e-06,1.0,1.0,/home/btech/ayush.singh/tune_krona_outputs/cat/krona_8_5e-06_1e-06_1200_True/images,True
clock,1,8,0.75,0.31549072265625,4,250,5e-06,2e-05,1.0,1.0,/home/btech/ayush.singh/tune_krona_outputs/clock/krona_8_5e-06_2e-05_800_True/images,True
dog2,1,8,0.68994140625,0.3110491071428571,5,250,5e-06,1e-06,1.0,1.0,/home/btech/ayush.singh/tune_krona_outputs/dog2/krona_8_5e-06_1e-06_1200_True/images,True
clock,1,8,0.76318359375,0.3147147042410714,134,6,5e-06,2e-05,1.0,1.0,/home/btech/ayush.singh/tune_krona_outputs/clock/krona_8_5e-06_2e-05_800_False/images,False
teapot,1,8,0.79052734375,0.3431315104166667,4,250,5e-06,2e-05,1.0,1.0,/home/btech/ayush.singh/tune_krona_outputs/teapot/krona_8_5e-06_2e-05_800_True/images,True
dog6,1,8,0.73388671875,0.2983035525760135,4,250,5e-06,2e-05,1.0,1.0,/home/btech/ayush.singh/tune_krona_outputs/dog6/krona_8_5e-06_2e-05_800_True/images,True
backpack,1,8,0.7880859375,0.3252205684267241,5,250,5e-06,1e-06,1.0,1.0,/home/btech/ayush.singh/tune_krona_outputs/backpack/krona_8_5e-06_1e-06_1200_True/images,True
dog6,1,8,0.73583984375,0.2985212996199324,160,5,5e-06,2e-05,1.0,1.0,/home/btech/ayush.singh/tune_krona_outputs/dog6/krona_8_5e-06_2e-05_800_False/images,False
cat,1,8,0.7841796875,0.3159684806034483,2,250,5e-06,5e-05,1.0,1.0,/home/btech/ayush.singh/tune_krona_outputs/cat/krona_8_5e-06_5e-05_400_True/images,True
dog2,1,8,0.69384765625,0.3095179966517857,2,250,5e-06,5e-05,1.0,1.0,/home/btech/ayush.singh/tune_krona_outputs/dog2/krona_8_5e-06_5e-05_400_True/images,True
clock,1,8,0.75634765625,0.3183332170758928,4,250,5e-06,2e-05,1.0,1.0,/home/btech/ayush.singh/tune_krona_outputs/clock/krona_8_5e-06_2e-05_1000_True/images,True
backpack,1,8,0.76953125,0.3207713160021552,2,250,5e-06,5e-05,1.0,1.0,/home/btech/ayush.singh/tune_krona_outputs/backpack/krona_8_5e-06_5e-05_400_True/images,True
clock,1,8,0.76953125,0.3120378766741071,167,6,5e-06,2e-05,1.0,1.0,/home/btech/ayush.singh/tune_krona_outputs/clock/krona_8_5e-06_2e-05_1000_False/images,False
teapot,1,8,0.7880859375,0.3393880208333333,4,250,5e-06,2e-05,1.0,1.0,/home/btech/ayush.singh/tune_krona_outputs/teapot/krona_8_5e-06_2e-05_1000_True/images,True
dog6,1,8,0.7333984375,0.2974325644003378,4,250,5e-06,2e-05,1.0,1.0,/home/btech/ayush.singh/tune_krona_outputs/dog6/krona_8_5e-06_2e-05_1000_True/images,True
dog6,1,8,0.73681640625,0.2974259660050675,200,5,5e-06,2e-05,1.0,1.0,/home/btech/ayush.singh/tune_krona_outputs/dog6/krona_8_5e-06_2e-05_1000_False/images,False
cat,1,8,0.783203125,0.3086653084590517,4,250,5e-06,5e-05,1.0,1.0,/home/btech/ayush.singh/tune_krona_outputs/cat/krona_8_5e-06_5e-05_800_True/images,True
dog2,1,8,0.70947265625,0.3003871372767857,4,250,5e-06,5e-05,1.0,1.0,/home/btech/ayush.singh/tune_krona_outputs/dog2/krona_8_5e-06_5e-05_800_True/images,True
backpack,1,8,0.78857421875,0.3287058863146552,4,250,5e-06,5e-05,1.0,1.0,/home/btech/ayush.singh/tune_krona_outputs/backpack/krona_8_5e-06_5e-05_800_True/images,True
clock,1,8,0.7578125,0.3110613141741071,5,250,5e-06,2e-05,1.0,1.0,/home/btech/ayush.singh/tune_krona_outputs/clock/krona_8_5e-06_2e-05_1200_True/images,True
clock,1,8,0.7724609375,0.3091169084821428,200,6,5e-06,2e-05,1.0,1.0,/home/btech/ayush.singh/tune_krona_outputs/clock/krona_8_5e-06_2e-05_1200_False/images,False
teapot,1,8,0.775390625,0.3454996744791667,5,250,5e-06,2e-05,1.0,1.0,/home/btech/ayush.singh/tune_krona_outputs/teapot/krona_8_5e-06_2e-05_1200_True/images,True
dog6,1,8,0.7373046875,0.2971917229729729,5,250,5e-06,2e-05,1.0,1.0,/home/btech/ayush.singh/tune_krona_outputs/dog6/krona_8_5e-06_2e-05_1200_True/images,True
dog6,1,8,0.72802734375,0.2931535050675675,240,5,5e-06,2e-05,1.0,1.0,/home/btech/ayush.singh/tune_krona_outputs/dog6/krona_8_5e-06_2e-05_1200_False/images,False
clock,1,8,0.7548828125,0.3157610212053571,2,250,5e-06,1e-05,1.0,1.0,/home/btech/ayush.singh/tune_krona_outputs/clock/krona_8_5e-06_1e-05_400_True/images,True
clock,1,8,0.76220703125,0.3111746651785714,67,6,5e-06,1e-05,1.0,1.0,/home/btech/ayush.singh/tune_krona_outputs/clock/krona_8_5e-06_1e-05_400_False/images,False
teapot,1,8,0.77685546875,0.3497477213541666,2,250,5e-06,1e-05,1.0,1.0,/home/btech/ayush.singh/tune_krona_outputs/teapot/krona_8_5e-06_1e-05_400_True/images,True
cat,1,8,0.78515625,0.3149203596443966,4,250,5e-06,5e-05,1.0,1.0,/home/btech/ayush.singh/tune_krona_outputs/cat/krona_8_5e-06_5e-05_1000_True/images,True
dog6,1,8,0.73095703125,0.2975084459459459,2,250,5e-06,1e-05,1.0,1.0,/home/btech/ayush.singh/tune_krona_outputs/dog6/krona_8_5e-06_1e-05_400_True/images,True
dog6,1,8,0.72705078125,0.2941135715793919,80,5,5e-06,1e-05,1.0,1.0,/home/btech/ayush.singh/tune_krona_outputs/dog6/krona_8_5e-06_1e-05_400_False/images,False
dog2,1,8,0.71142578125,0.3027797154017857,4,250,5e-06,5e-05,1.0,1.0,/home/btech/ayush.singh/tune_krona_outputs/dog2/krona_8_5e-06_5e-05_1000_True/images,True
clock,1,8,0.75048828125,0.3173304966517857,4,250,5e-06,1e-05,1.0,1.0,/home/btech/ayush.singh/tune_krona_outputs/clock/krona_8_5e-06_1e-05_800_True/images,True
clock,1,8,0.74853515625,0.3195277622767857,134,6,5e-06,1e-05,1.0,1.0,/home/btech/ayush.singh/tune_krona_outputs/clock/krona_8_5e-06_1e-05_800_False/images,False
backpack,1,8,0.79345703125,0.3336476293103448,4,250,5e-06,5e-05,1.0,1.0,/home/btech/ayush.singh/tune_krona_outputs/backpack/krona_8_5e-06_5e-05_1000_True/images,True
teapot,1,8,0.775390625,0.343310546875,4,250,5e-06,1e-05,1.0,1.0,/home/btech/ayush.singh/tune_krona_outputs/teapot/krona_8_5e-06_1e-05_800_True/images,True
dog6,1,8,0.7265625,0.2986928578969595,4,250,5e-06,1e-05,1.0,1.0,/home/btech/ayush.singh/tune_krona_outputs/dog6/krona_8_5e-06_1e-05_800_True/images,True
dog6,1,8,0.7275390625,0.2974391627956081,160,5,5e-06,1e-05,1.0,1.0,/home/btech/ayush.singh/tune_krona_outputs/dog6/krona_8_5e-06_1e-05_800_False/images,False
clock,1,8,0.744140625,0.3172781808035714,167,6,5e-06,1e-05,1.0,1.0,/home/btech/ayush.singh/tune_krona_outputs/clock/krona_8_5e-06_1e-05_1000_False/images,False
clock,1,8,0.7568359375,0.3222220284598214,4,250,5e-06,1e-05,1.0,1.0,/home/btech/ayush.singh/tune_krona_outputs/clock/krona_8_5e-06_1e-05_1000_True/images,True
cat,1,8,0.8056640625,0.3099659886853448,5,250,5e-06,5e-05,1.0,1.0,/home/btech/ayush.singh/tune_krona_outputs/cat/krona_8_5e-06_5e-05_1200_True/images,True
teapot,1,8,0.78173828125,0.3367757161458333,4,250,5e-06,1e-05,1.0,1.0,/home/btech/ayush.singh/tune_krona_outputs/teapot/krona_8_5e-06_1e-05_1000_True/images,True
dog6,1,8,0.73828125,0.2908110747466216,200,5,5e-06,1e-05,1.0,1.0,/home/btech/ayush.singh/tune_krona_outputs/dog6/krona_8_5e-06_1e-05_1000_False/images,False
dog2,1,8,0.720703125,0.3030412946428571,5,250,5e-06,5e-05,1.0,1.0,/home/btech/ayush.singh/tune_krona_outputs/dog2/krona_8_5e-06_5e-05_1200_True/images,True
dog6,1,8,0.72900390625,0.2991019584037162,4,250,5e-06,1e-05,1.0,1.0,/home/btech/ayush.singh/tune_krona_outputs/dog6/krona_8_5e-06_1e-05_1000_True/images,True
backpack,1,8,0.80078125,0.322088833512931,5,250,5e-06,5e-05,1.0,1.0,/home/btech/ayush.singh/tune_krona_outputs/backpack/krona_8_5e-06_5e-05_1200_True/images,True
cat,1,8,0.7802734375,0.3164146686422414,2,250,5e-06,2e-05,1.0,1.0,/home/btech/ayush.singh/tune_krona_outputs/cat/krona_8_5e-06_2e-05_400_True/images,True
dog2,1,8,0.6943359375,0.3071393694196428,2,250,5e-06,2e-05,1.0,1.0,/home/btech/ayush.singh/tune_krona_outputs/dog2/krona_8_5e-06_2e-05_400_True/images,True
clock,1,8,0.7431640625,0.3200509207589285,200,6,5e-06,1e-05,1.0,1.0,/home/btech/ayush.singh/tune_krona_outputs/clock/krona_8_5e-06_1e-05_1200_False/images,False
clock,1,8,0.75537109375,0.3150547572544643,5,250,5e-06,1e-05,1.0,1.0,/home/btech/ayush.singh/tune_krona_outputs/clock/krona_8_5e-06_1e-05_1200_True/images,True
backpack,1,8,0.77978515625,0.3277966729525862,2,250,5e-06,2e-05,1.0,1.0,/home/btech/ayush.singh/tune_krona_outputs/backpack/krona_8_5e-06_2e-05_400_True/images,True
teapot,1,8,0.77978515625,0.3405843098958333,5,250,5e-06,1e-05,1.0,1.0,/home/btech/ayush.singh/tune_krona_outputs/teapot/krona_8_5e-06_1e-05_1200_True/images,True
clock,1,8,0.8251953125,0.2821786063058035,67,6,5e-06,0.0005,1.0,1.0,/home/btech/ayush.singh/tune_krona_outputs/clock/krona_8_5e-06_0.0005_400_False/images,False
dog6,1,8,0.720703125,0.2971092430320945,240,5,5e-06,1e-05,1.0,1.0,/home/btech/ayush.singh/tune_krona_outputs/dog6/krona_8_5e-06_1e-05_1200_False/images,False
clock,1,8,0.78173828125,0.3035714285714285,2,250,5e-06,0.0005,1.0,1.0,/home/btech/ayush.singh/tune_krona_outputs/clock/krona_8_5e-06_0.0005_400_True/images,True
dog6,1,8,0.728515625,0.2983200485641892,5,250,5e-06,1e-05,1.0,1.0,/home/btech/ayush.singh/tune_krona_outputs/dog6/krona_8_5e-06_1e-05_1200_True/images,True
teapot,1,8,0.8115234375,0.3262532552083333,2,250,5e-06,0.0005,1.0,1.0,/home/btech/ayush.singh/tune_krona_outputs/teapot/krona_8_5e-06_0.0005_400_True/images,True
cat,1,8,0.77880859375,0.3216426454741379,4,250,5e-06,2e-05,1.0,1.0,/home/btech/ayush.singh/tune_krona_outputs/cat/krona_8_5e-06_2e-05_800_True/images,True
dog6,1,8,0.80126953125,0.2914709142736486,80,5,5e-06,0.0005,1.0,1.0,/home/btech/ayush.singh/tune_krona_outputs/dog6/krona_8_5e-06_0.0005_400_False/images,False
dog6,1,8,0.77392578125,0.2938661317567567,2,250,5e-06,0.0005,1.0,1.0,/home/btech/ayush.singh/tune_krona_outputs/dog6/krona_8_5e-06_0.0005_400_True/images,True
dog2,1,8,0.703125,0.3076416015625,4,250,5e-06,2e-05,1.0,1.0,/home/btech/ayush.singh/tune_krona_outputs/dog2/krona_8_5e-06_2e-05_800_True/images,True
clock,1,8,0.8134765625,0.2789960588727678,134,6,5e-06,0.0005,1.0,1.0,/home/btech/ayush.singh/tune_krona_outputs/clock/krona_8_5e-06_0.0005_800_False/images,False
backpack,1,8,0.79345703125,0.3267359240301724,4,250,5e-06,2e-05,1.0,1.0,/home/btech/ayush.singh/tune_krona_outputs/backpack/krona_8_5e-06_2e-05_800_True/images,True
clock,1,8,0.7998046875,0.2907671247209821,4,250,5e-06,0.0005,1.0,1.0,/home/btech/ayush.singh/tune_krona_outputs/clock/krona_8_5e-06_0.0005_800_True/images,True
teapot,1,8,0.8173828125,0.3267252604166666,4,250,5e-06,0.0005,1.0,1.0,/home/btech/ayush.singh/tune_krona_outputs/teapot/krona_8_5e-06_0.0005_800_True/images,True
dog6,1,8,0.80224609375,0.2703857421875,160,5,5e-06,0.0005,1.0,1.0,/home/btech/ayush.singh/tune_krona_outputs/dog6/krona_8_5e-06_0.0005_800_False/images,False
dog6,1,8,0.78271484375,0.2821209881756756,4,250,5e-06,0.0005,1.0,1.0,/home/btech/ayush.singh/tune_krona_outputs/dog6/krona_8_5e-06_0.0005_800_True/images,True
cat,1,8,0.775390625,0.3163220635775862,4,250,5e-06,2e-05,1.0,1.0,/home/btech/ayush.singh/tune_krona_outputs/cat/krona_8_5e-06_2e-05_1000_True/images,True
clock,1,8,0.8154296875,0.2925022670200893,167,6,5e-06,0.0005,1.0,1.0,/home/btech/ayush.singh/tune_krona_outputs/clock/krona_8_5e-06_0.0005_1000_False/images,False
clock,1,8,0.7861328125,0.30035400390625,4,250,5e-06,0.0005,1.0,1.0,/home/btech/ayush.singh/tune_krona_outputs/clock/krona_8_5e-06_0.0005_1000_True/images,True
dog2,1,8,0.69580078125,0.3039725167410714,4,250,5e-06,2e-05,1.0,1.0,/home/btech/ayush.singh/tune_krona_outputs/dog2/krona_8_5e-06_2e-05_1000_True/images,True
teapot,1,8,0.81591796875,0.3266845703125,4,250,5e-06,0.0005,1.0,1.0,/home/btech/ayush.singh/tune_krona_outputs/teapot/krona_8_5e-06_0.0005_1000_True/images,True
backpack,1,8,0.77734375,0.3272410425646552,4,250,5e-06,2e-05,1.0,1.0,/home/btech/ayush.singh/tune_krona_outputs/backpack/krona_8_5e-06_2e-05_1000_True/images,True
dog6,1,8,0.83203125,0.2660703916807432,200,5,5e-06,0.0005,1.0,1.0,/home/btech/ayush.singh/tune_krona_outputs/dog6/krona_8_5e-06_0.0005_1000_False/images,False
dog6,1,8,0.76708984375,0.2856478304476351,4,250,5e-06,0.0005,1.0,1.0,/home/btech/ayush.singh/tune_krona_outputs/dog6/krona_8_5e-06_0.0005_1000_True/images,True
clock,1,8,0.82080078125,0.2833295549665178,200,6,5e-06,0.0005,1.0,1.0,/home/btech/ayush.singh/tune_krona_outputs/clock/krona_8_5e-06_0.0005_1200_False/images,False
clock,1,8,0.80615234375,0.2899431501116071,5,250,5e-06,0.0005,1.0,1.0,/home/btech/ayush.singh/tune_krona_outputs/clock/krona_8_5e-06_0.0005_1200_True/images,True
cat,1,8,0.79150390625,0.3153370824353448,5,250,5e-06,2e-05,1.0,1.0,/home/btech/ayush.singh/tune_krona_outputs/cat/krona_8_5e-06_2e-05_1200_True/images,True
teapot,1,8,0.7958984375,0.3312418619791666,5,250,5e-06,0.0005,1.0,1.0,/home/btech/ayush.singh/tune_krona_outputs/teapot/krona_8_5e-06_0.0005_1200_True/images,True
clock,1,8,0.79248046875,0.3037894112723214,67,6,5e-06,0.0001,1.0,1.0,/home/btech/ayush.singh/tune_krona_outputs/clock/krona_8_5e-06_0.0001_400_False/images,False
dog6,1,8,0.8095703125,0.2806198532516892,240,5,5e-06,0.0005,1.0,1.0,/home/btech/ayush.singh/tune_krona_outputs/dog6/krona_8_5e-06_0.0005_1200_False/images,False
clock,1,8,0.7646484375,0.3133806501116071,2,250,5e-06,0.0001,1.0,1.0,/home/btech/ayush.singh/tune_krona_outputs/clock/krona_8_5e-06_0.0001_400_True/images,True
dog6,1,8,0.81689453125,0.2799270217483108,5,250,5e-06,0.0005,1.0,1.0,/home/btech/ayush.singh/tune_krona_outputs/dog6/krona_8_5e-06_0.0005_1200_True/images,True
dog2,1,8,0.70361328125,0.3093680245535714,5,250,5e-06,2e-05,1.0,1.0,/home/btech/ayush.singh/tune_krona_outputs/dog2/krona_8_5e-06_2e-05_1200_True/images,True
teapot,1,8,0.7890625,0.3394938151041666,2,250,5e-06,0.0001,1.0,1.0,/home/btech/ayush.singh/tune_krona_outputs/teapot/krona_8_5e-06_0.0001_400_True/images,True
backpack,1,8,0.798828125,0.3259614089439655,5,250,5e-06,2e-05,1.0,1.0,/home/btech/ayush.singh/tune_krona_outputs/backpack/krona_8_5e-06_2e-05_1200_True/images,True
cat,1,8,0.77880859375,0.3220972521551724,2,250,5e-06,1e-05,1.0,1.0,/home/btech/ayush.singh/tune_krona_outputs/cat/krona_8_5e-06_1e-05_400_True/images,True
dog6,1,8,0.74609375,0.299487964527027,80,5,5e-06,0.0001,1.0,1.0,/home/btech/ayush.singh/tune_krona_outputs/dog6/krona_8_5e-06_0.0001_400_False/images,False
clock,1,8,0.798828125,0.2963910784040178,134,6,5e-06,0.0001,1.0,1.0,/home/btech/ayush.singh/tune_krona_outputs/clock/krona_8_5e-06_0.0001_800_False/images,False
dog6,1,8,0.75,0.2935593063766892,2,250,5e-06,0.0001,1.0,1.0,/home/btech/ayush.singh/tune_krona_outputs/dog6/krona_8_5e-06_0.0001_400_True/images,True
clock,1,8,0.779296875,0.3002668108258928,4,250,5e-06,0.0001,1.0,1.0,/home/btech/ayush.singh/tune_krona_outputs/clock/krona_8_5e-06_0.0001_800_True/images,True
dog2,1,8,0.6962890625,0.2987827845982143,2,250,5e-06,1e-05,1.0,1.0,/home/btech/ayush.singh/tune_krona_outputs/dog2/krona_8_5e-06_1e-05_400_True/images,True
backpack,1,8,0.77490234375,0.3288658405172414,2,250,5e-06,1e-05,1.0,1.0,/home/btech/ayush.singh/tune_krona_outputs/backpack/krona_8_5e-06_1e-05_400_True/images,True
teapot,1,8,0.79150390625,0.333544921875,4,250,5e-06,0.0001,1.0,1.0,/home/btech/ayush.singh/tune_krona_outputs/teapot/krona_8_5e-06_0.0001_800_True/images,True
dog6,1,8,0.7509765625,0.2944797825168919,160,5,5e-06,0.0001,1.0,1.0,/home/btech/ayush.singh/tune_krona_outputs/dog6/krona_8_5e-06_0.0001_800_False/images,False
cat,1,8,0.767578125,0.3196895204741379,4,250,5e-06,1e-05,1.0,1.0,/home/btech/ayush.singh/tune_krona_outputs/cat/krona_8_5e-06_1e-05_800_True/images,True
dog6,1,8,0.75048828125,0.2985476932010135,4,250,5e-06,0.0001,1.0,1.0,/home/btech/ayush.singh/tune_krona_outputs/dog6/krona_8_5e-06_0.0001_800_True/images,True
clock,1,8,0.80078125,0.29669189453125,167,6,5e-06,0.0001,1.0,1.0,/home/btech/ayush.singh/tune_krona_outputs/clock/krona_8_5e-06_0.0001_1000_False/images,False
clock,1,8,0.7822265625,0.3042428152901785,4,250,5e-06,0.0001,1.0,1.0,/home/btech/ayush.singh/tune_krona_outputs/clock/krona_8_5e-06_0.0001_1000_True/images,True
dog2,1,8,0.69384765625,0.307421875,4,250,5e-06,1e-05,1.0,1.0,/home/btech/ayush.singh/tune_krona_outputs/dog2/krona_8_5e-06_1e-05_800_True/images,True
backpack,1,8,0.7890625,0.3270979256465517,4,250,5e-06,1e-05,1.0,1.0,/home/btech/ayush.singh/tune_krona_outputs/backpack/krona_8_5e-06_1e-05_800_True/images,True
teapot,1,8,0.794921875,0.3340169270833333,4,250,5e-06,0.0001,1.0,1.0,/home/btech/ayush.singh/tune_krona_outputs/teapot/krona_8_5e-06_0.0001_1000_True/images,True
dog6,1,8,0.7578125,0.2958456503378378,200,5,5e-06,0.0001,1.0,1.0,/home/btech/ayush.singh/tune_krona_outputs/dog6/krona_8_5e-06_0.0001_1000_False/images,False
dog6,1,8,0.76708984375,0.2945424672719595,4,250,5e-06,0.0001,1.0,1.0,/home/btech/ayush.singh/tune_krona_outputs/dog6/krona_8_5e-06_0.0001_1000_True/images,True
clock,1,8,0.810546875,0.2908848353794643,200,6,5e-06,0.0001,1.0,1.0,/home/btech/ayush.singh/tune_krona_outputs/clock/krona_8_5e-06_0.0001_1200_False/images,False
cat,1,8,0.775390625,0.3158716662176724,4,250,5e-06,1e-05,1.0,1.0,/home/btech/ayush.singh/tune_krona_outputs/cat/krona_8_5e-06_1e-05_1000_True/images,True
clock,1,8,0.78466796875,0.3017229352678571,5,250,5e-06,0.0001,1.0,1.0,/home/btech/ayush.singh/tune_krona_outputs/clock/krona_8_5e-06_0.0001_1200_True/images,True
clock,1,8,0.7421875,0.3152378627232143,67,6,2e-06,5e-06,1.0,1.0,/home/btech/ayush.singh/tune_krona_outputs/clock/krona_8_2e-06_5e-06_400_False/images,False
teapot,1,8,0.80322265625,0.33779296875,5,250,5e-06,0.0001,1.0,1.0,/home/btech/ayush.singh/tune_krona_outputs/teapot/krona_8_5e-06_0.0001_1200_True/images,True
dog2,1,8,0.6962890625,0.3060511997767857,4,250,5e-06,1e-05,1.0,1.0,/home/btech/ayush.singh/tune_krona_outputs/dog2/krona_8_5e-06_1e-05_1000_True/images,True
backpack,1,8,0.78173828125,0.3287648168103448,4,250,5e-06,1e-05,1.0,1.0,/home/btech/ayush.singh/tune_krona_outputs/backpack/krona_8_5e-06_1e-05_1000_True/images,True
dog6,1,8,0.76708984375,0.2904943517736486,240,5,5e-06,0.0001,1.0,1.0,/home/btech/ayush.singh/tune_krona_outputs/dog6/krona_8_5e-06_0.0001_1200_False/images,False
clock,1,8,0.75830078125,0.3179931640625,2,250,2e-06,5e-06,1.0,1.0,/home/btech/ayush.singh/tune_krona_outputs/clock/krona_8_2e-06_5e-06_400_True/images,True
dog6,1,8,0.74267578125,0.297778980152027,5,250,5e-06,0.0001,1.0,1.0,/home/btech/ayush.singh/tune_krona_outputs/dog6/krona_8_5e-06_0.0001_1200_True/images,True
teapot,1,8,0.7607421875,0.3425048828125,2,250,2e-06,5e-06,1.0,1.0,/home/btech/ayush.singh/tune_krona_outputs/teapot/krona_8_2e-06_5e-06_400_True/images,True
dog6,1,8,0.716796875,0.299049171241554,80,5,2e-06,5e-06,1.0,1.0,/home/btech/ayush.singh/tune_krona_outputs/dog6/krona_8_2e-06_5e-06_400_False/images,False
clock,1,8,0.751953125,0.3178798130580357,134,6,2e-06,5e-06,1.0,1.0,/home/btech/ayush.singh/tune_krona_outputs/clock/krona_8_2e-06_5e-06_800_False/images,False
dog6,1,8,0.7255859375,0.2943709089949324,2,250,2e-06,5e-06,1.0,1.0,/home/btech/ayush.singh/tune_krona_outputs/dog6/krona_8_2e-06_5e-06_400_True/images,True
clock,1,8,0.74853515625,0.3155953543526785,4,250,2e-06,5e-06,1.0,1.0,/home/btech/ayush.singh/tune_krona_outputs/clock/krona_8_2e-06_5e-06_800_True/images,True
cat,1,8,0.77734375,0.3141163793103448,5,250,5e-06,1e-05,1.0,1.0,/home/btech/ayush.singh/tune_krona_outputs/cat/krona_8_5e-06_1e-05_1200_True/images,True
teapot,1,8,0.77294921875,0.3458333333333333,4,250,2e-06,5e-06,1.0,1.0,/home/btech/ayush.singh/tune_krona_outputs/teapot/krona_8_2e-06_5e-06_800_True/images,True
dog6,1,8,0.71875,0.3018633868243243,160,5,2e-06,5e-06,1.0,1.0,/home/btech/ayush.singh/tune_krona_outputs/dog6/krona_8_2e-06_5e-06_800_False/images,False
clock,1,8,0.74462890625,0.31744384765625,167,6,2e-06,5e-06,1.0,1.0,/home/btech/ayush.singh/tune_krona_outputs/clock/krona_8_2e-06_5e-06_1000_False/images,False
backpack,1,8,0.7890625,0.3352640086206896,5,250,5e-06,1e-05,1.0,1.0,/home/btech/ayush.singh/tune_krona_outputs/backpack/krona_8_5e-06_1e-05_1200_True/images,True
dog2,1,8,0.69140625,0.3058349609375,5,250,5e-06,1e-05,1.0,1.0,/home/btech/ayush.singh/tune_krona_outputs/dog2/krona_8_5e-06_1e-05_1200_True/images,True
cat,1,8,0.81201171875,0.3111109240301724,2,250,5e-06,0.0005,1.0,1.0,/home/btech/ayush.singh/tune_krona_outputs/cat/krona_8_5e-06_0.0005_400_True/images,True
dog6,1,8,0.71630859375,0.3000851192989865,4,250,2e-06,5e-06,1.0,1.0,/home/btech/ayush.singh/tune_krona_outputs/dog6/krona_8_2e-06_5e-06_800_True/images,True
clock,1,8,0.75146484375,0.3180977957589285,4,250,2e-06,5e-06,1.0,1.0,/home/btech/ayush.singh/tune_krona_outputs/clock/krona_8_2e-06_5e-06_1000_True/images,True
teapot,1,8,0.77685546875,0.3429036458333333,4,250,2e-06,5e-06,1.0,1.0,/home/btech/ayush.singh/tune_krona_outputs/teapot/krona_8_2e-06_5e-06_1000_True/images,True
backpack,1,8,0.81494140625,0.3238904229525862,2,250,5e-06,0.0005,1.0,1.0,/home/btech/ayush.singh/tune_krona_outputs/backpack/krona_8_5e-06_0.0005_400_True/images,True
dog2,1,8,0.74169921875,0.294287109375,2,250,5e-06,0.0005,1.0,1.0,/home/btech/ayush.singh/tune_krona_outputs/dog2/krona_8_5e-06_0.0005_400_True/images,True
dog6,1,8,0.712890625,0.2995176573057432,200,5,2e-06,5e-06,1.0,1.0,/home/btech/ayush.singh/tune_krona_outputs/dog6/krona_8_2e-06_5e-06_1000_False/images,False
clock,1,8,0.7451171875,0.3121861049107143,200,6,2e-06,5e-06,1.0,1.0,/home/btech/ayush.singh/tune_krona_outputs/clock/krona_8_2e-06_5e-06_1200_False/images,False
dog6,1,8,0.7236328125,0.2939387141047297,4,250,2e-06,5e-06,1.0,1.0,/home/btech/ayush.singh/tune_krona_outputs/dog6/krona_8_2e-06_5e-06_1000_True/images,True
cat,1,8,0.82373046875,0.3091325431034483,4,250,5e-06,0.0005,1.0,1.0,/home/btech/ayush.singh/tune_krona_outputs/cat/krona_8_5e-06_0.0005_800_True/images,True
clock,1,8,0.73876953125,0.3176095145089285,67,6,2e-06,2e-06,1.0,1.0,/home/btech/ayush.singh/tune_krona_outputs/clock/krona_8_2e-06_2e-06_400_False/images,False
clock,1,8,0.73583984375,0.3207833426339285,5,250,2e-06,5e-06,1.0,1.0,/home/btech/ayush.singh/tune_krona_outputs/clock/krona_8_2e-06_5e-06_1200_True/images,True
backpack,1,8,0.81591796875,0.3175427667025862,4,250,5e-06,0.0005,1.0,1.0,/home/btech/ayush.singh/tune_krona_outputs/backpack/krona_8_5e-06_0.0005_800_True/images,True
teapot,1,8,0.7646484375,0.33994140625,5,250,2e-06,5e-06,1.0,1.0,/home/btech/ayush.singh/tune_krona_outputs/teapot/krona_8_2e-06_5e-06_1200_True/images,True
dog2,1,8,0.73828125,0.2935442243303571,4,250,5e-06,0.0005,1.0,1.0,/home/btech/ayush.singh/tune_krona_outputs/dog2/krona_8_5e-06_0.0005_800_True/images,True
dog6,1,8,0.7177734375,0.3018468908361486,240,5,2e-06,5e-06,1.0,1.0,/home/btech/ayush.singh/tune_krona_outputs/dog6/krona_8_2e-06_5e-06_1200_False/images,False
clock,1,8,0.72705078125,0.3128487723214285,2,250,2e-06,2e-06,1.0,1.0,/home/btech/ayush.singh/tune_krona_outputs/clock/krona_8_2e-06_2e-06_400_True/images,True
teapot,1,8,0.7685546875,0.3414794921875,2,250,2e-06,2e-06,1.0,1.0,/home/btech/ayush.singh/tune_krona_outputs/teapot/krona_8_2e-06_2e-06_400_True/images,True
clock,1,8,0.75439453125,0.3185337611607143,134,6,2e-06,2e-06,1.0,1.0,/home/btech/ayush.singh/tune_krona_outputs/clock/krona_8_2e-06_2e-06_800_False/images,False
dog6,1,8,0.72509765625,0.3035129856418919,5,250,2e-06,5e-06,1.0,1.0,/home/btech/ayush.singh/tune_krona_outputs/dog6/krona_8_2e-06_5e-06_1200_True/images,True
dog6,1,8,0.716796875,0.2990656672297297,80,5,2e-06,2e-06,1.0,1.0,/home/btech/ayush.singh/tune_krona_outputs/dog6/krona_8_2e-06_2e-06_400_False/images,False
cat,1,8,0.8505859375,0.2872314453125,4,250,5e-06,0.0005,1.0,1.0,/home/btech/ayush.singh/tune_krona_outputs/cat/krona_8_5e-06_0.0005_1000_True/images,True
clock,1,8,0.74853515625,0.3177577427455357,4,250,2e-06,2e-06,1.0,1.0,/home/btech/ayush.singh/tune_krona_outputs/clock/krona_8_2e-06_2e-06_800_True/images,True
dog6,1,8,0.728515625,0.2979736328125,2,250,2e-06,2e-06,1.0,1.0,/home/btech/ayush.singh/tune_krona_outputs/dog6/krona_8_2e-06_2e-06_400_True/images,True
teapot,1,8,0.7666015625,0.3397542317708333,4,250,2e-06,2e-06,1.0,1.0,/home/btech/ayush.singh/tune_krona_outputs/teapot/krona_8_2e-06_2e-06_800_True/images,True
backpack,1,8,0.81298828125,0.3214742726293103,4,250,5e-06,0.0005,1.0,1.0,/home/btech/ayush.singh/tune_krona_outputs/backpack/krona_8_5e-06_0.0005_1000_True/images,True
dog6,1,8,0.72314453125,0.3031038851351351,160,5,2e-06,2e-06,1.0,1.0,/home/btech/ayush.singh/tune_krona_outputs/dog6/krona_8_2e-06_2e-06_800_False/images,False
dog2,1,8,0.7568359375,0.2950334821428571,4,250,5e-06,0.0005,1.0,1.0,/home/btech/ayush.singh/tune_krona_outputs/dog2/krona_8_5e-06_0.0005_1000_True/images,True
clock,1,8,0.7451171875,0.3200770786830357,167,6,2e-06,2e-06,1.0,1.0,/home/btech/ayush.singh/tune_krona_outputs/clock/krona_8_2e-06_2e-06_1000_False/images,False
dog6,1,8,0.71630859375,0.3002368823902027,4,250,2e-06,2e-06,1.0,1.0,/home/btech/ayush.singh/tune_krona_outputs/dog6/krona_8_2e-06_2e-06_800_True/images,True
clock,1,8,0.75634765625,0.3170427594866071,4,250,2e-06,2e-06,1.0,1.0,/home/btech/ayush.singh/tune_krona_outputs/clock/krona_8_2e-06_2e-06_1000_True/images,True
teapot,1,8,0.7763671875,0.3427652994791667,4,250,2e-06,2e-06,1.0,1.0,/home/btech/ayush.singh/tune_krona_outputs/teapot/krona_8_2e-06_2e-06_1000_True/images,True
dog6,1,8,0.716796875,0.2988347233952703,200,5,2e-06,2e-06,1.0,1.0,/home/btech/ayush.singh/tune_krona_outputs/dog6/krona_8_2e-06_2e-06_1000_False/images,False
cat,1,8,0.8388671875,0.3032647494612069,5,250,5e-06,0.0005,1.0,1.0,/home/btech/ayush.singh/tune_krona_outputs/cat/krona_8_5e-06_0.0005_1200_True/images,True
clock,1,8,0.74951171875,0.3179931640625,200,6,2e-06,2e-06,1.0,1.0,/home/btech/ayush.singh/tune_krona_outputs/clock/krona_8_2e-06_2e-06_1200_False/images,False
backpack,1,8,0.83349609375,0.3160189924568966,5,250,5e-06,0.0005,1.0,1.0,/home/btech/ayush.singh/tune_krona_outputs/backpack/krona_8_5e-06_0.0005_1200_True/images,True
dog6,1,8,0.72314453125,0.3038462046030405,4,250,2e-06,2e-06,1.0,1.0,/home/btech/ayush.singh/tune_krona_outputs/dog6/krona_8_2e-06_2e-06_1000_True/images,True
cat,1,8,0.79541015625,0.3142679148706896,2,250,5e-06,0.0001,1.0,1.0,/home/btech/ayush.singh/tune_krona_outputs/cat/krona_8_5e-06_0.0001_400_True/images,True
clock,1,8,0.73583984375,0.3273664202008928,67,6,2e-06,1e-06,1.0,1.0,/home/btech/ayush.singh/tune_krona_outputs/clock/krona_8_2e-06_1e-06_400_False/images,False
dog2,1,8,0.74658203125,0.2944998604910714,5,250,5e-06,0.0005,1.0,1.0,/home/btech/ayush.singh/tune_krona_outputs/dog2/krona_8_5e-06_0.0005_1200_True/images,True
clock,1,8,0.75146484375,0.3186994280133928,5,250,2e-06,2e-06,1.0,1.0,/home/btech/ayush.singh/tune_krona_outputs/clock/krona_8_2e-06_2e-06_1200_True/images,True
teapot,1,8,0.77294921875,0.3416666666666667,5,250,2e-06,2e-06,1.0,1.0,/home/btech/ayush.singh/tune_krona_outputs/teapot/krona_8_2e-06_2e-06_1200_True/images,True
dog6,1,8,0.72802734375,0.2980429159628378,240,5,2e-06,2e-06,1.0,1.0,/home/btech/ayush.singh/tune_krona_outputs/dog6/krona_8_2e-06_2e-06_1200_False/images,False
backpack,1,8,0.79345703125,0.3356175915948275,2,250,5e-06,0.0001,1.0,1.0,/home/btech/ayush.singh/tune_krona_outputs/backpack/krona_8_5e-06_0.0001_400_True/images,True
clock,1,8,0.736328125,0.3179582868303571,2,250,2e-06,1e-06,1.0,1.0,/home/btech/ayush.singh/tune_krona_outputs/clock/krona_8_2e-06_1e-06_400_True/images,True
dog2,1,8,0.71826171875,0.3031598772321429,2,250,5e-06,0.0001,1.0,1.0,/home/btech/ayush.singh/tune_krona_outputs/dog2/krona_8_5e-06_0.0001_400_True/images,True
clock,1,8,0.7431640625,0.3200945172991071,134,6,2e-06,1e-06,1.0,1.0,/home/btech/ayush.singh/tune_krona_outputs/clock/krona_8_2e-06_1e-06_800_False/images,False
teapot,1,8,0.7744140625,0.3479085286458333,2,250,2e-06,1e-06,1.0,1.0,/home/btech/ayush.singh/tune_krona_outputs/teapot/krona_8_2e-06_1e-06_400_True/images,True
dog6,1,8,0.7138671875,0.3005635029560811,80,5,2e-06,1e-06,1.0,1.0,/home/btech/ayush.singh/tune_krona_outputs/dog6/krona_8_2e-06_1e-06_400_False/images,False
dog6,1,8,0.73876953125,0.2948195998733108,5,250,2e-06,2e-06,1.0,1.0,/home/btech/ayush.singh/tune_krona_outputs/dog6/krona_8_2e-06_2e-06_1200_True/images,True
cat,1,8,0.8046875,0.3101175242456896,4,250,5e-06,0.0001,1.0,1.0,/home/btech/ayush.singh/tune_krona_outputs/cat/krona_8_5e-06_0.0001_800_True/images,True
clock,1,8,0.74853515625,0.3180803571428571,4,250,2e-06,1e-06,1.0,1.0,/home/btech/ayush.singh/tune_krona_outputs/clock/krona_8_2e-06_1e-06_800_True/images,True
dog6,1,8,0.7265625,0.299903663429054,2,250,2e-06,1e-06,1.0,1.0,/home/btech/ayush.singh/tune_krona_outputs/dog6/krona_8_2e-06_1e-06_400_True/images,True
backpack,1,8,0.79833984375,0.3323679956896552,4,250,5e-06,0.0001,1.0,1.0,/home/btech/ayush.singh/tune_krona_outputs/backpack/krona_8_5e-06_0.0001_800_True/images,True
teapot,1,8,0.78173828125,0.34658203125,4,250,2e-06,1e-06,1.0,1.0,/home/btech/ayush.singh/tune_krona_outputs/teapot/krona_8_2e-06_1e-06_800_True/images,True
clock,1,8,0.74267578125,0.3185860770089285,167,6,2e-06,1e-06,1.0,1.0,/home/btech/ayush.singh/tune_krona_outputs/clock/krona_8_2e-06_1e-06_1000_False/images,False
dog6,1,8,0.71533203125,0.2964329075168919,160,5,2e-06,1e-06,1.0,1.0,/home/btech/ayush.singh/tune_krona_outputs/dog6/krona_8_2e-06_1e-06_800_False/images,False
dog2,1,8,0.7197265625,0.3059151785714286,4,250,5e-06,0.0001,1.0,1.0,/home/btech/ayush.singh/tune_krona_outputs/dog2/krona_8_5e-06_0.0001_800_True/images,True
clock,1,8,0.73681640625,0.3171125139508928,4,250,2e-06,1e-06,1.0,1.0,/home/btech/ayush.singh/tune_krona_outputs/clock/krona_8_2e-06_1e-06_1000_True/images,True
dog6,1,8,0.72509765625,0.3031137827280405,4,250,2e-06,1e-06,1.0,1.0,/home/btech/ayush.singh/tune_krona_outputs/dog6/krona_8_2e-06_1e-06_800_True/images,True
cat,1,8,0.798828125,0.3112372036637931,4,250,5e-06,0.0001,1.0,1.0,/home/btech/ayush.singh/tune_krona_outputs/cat/krona_8_5e-06_0.0001_1000_True/images,True
teapot,1,8,0.76220703125,0.3450439453125,4,250,2e-06,1e-06,1.0,1.0,/home/btech/ayush.singh/tune_krona_outputs/teapot/krona_8_2e-06_1e-06_1000_True/images,True
dog6,1,8,0.72607421875,0.2960732949746621,200,5,2e-06,1e-06,1.0,1.0,/home/btech/ayush.singh/tune_krona_outputs/dog6/krona_8_2e-06_1e-06_1000_False/images,False
clock,1,8,0.73876953125,0.32177734375,200,6,2e-06,1e-06,1.0,1.0,/home/btech/ayush.singh/tune_krona_outputs/clock/krona_8_2e-06_1e-06_1200_False/images,False
backpack,1,8,0.80859375,0.3290931438577586,4,250,5e-06,0.0001,1.0,1.0,/home/btech/ayush.singh/tune_krona_outputs/backpack/krona_8_5e-06_0.0001_1000_True/images,True
dog2,1,8,0.71533203125,0.3024658203125,4,250,5e-06,0.0001,1.0,1.0,/home/btech/ayush.singh/tune_krona_outputs/dog2/krona_8_5e-06_0.0001_1000_True/images,True
clock,1,8,0.76025390625,0.3102068219866071,67,6,2e-06,5e-05,1.0,1.0,/home/btech/ayush.singh/tune_krona_outputs/clock/krona_8_2e-06_5e-05_400_False/images,False
dog6,1,8,0.71044921875,0.2979901288006756,4,250,2e-06,1e-06,1.0,1.0,/home/btech/ayush.singh/tune_krona_outputs/dog6/krona_8_2e-06_1e-06_1000_True/images,True
clock,1,8,0.74560546875,0.3199986049107143,5,250,2e-06,1e-06,1.0,1.0,/home/btech/ayush.singh/tune_krona_outputs/clock/krona_8_2e-06_1e-06_1200_True/images,True
teapot,1,8,0.7685546875,0.3430582682291667,5,250,2e-06,1e-06,1.0,1.0,/home/btech/ayush.singh/tune_krona_outputs/teapot/krona_8_2e-06_1e-06_1200_True/images,True
dog6,1,8,0.73388671875,0.3013784047719595,240,5,2e-06,1e-06,1.0,1.0,/home/btech/ayush.singh/tune_krona_outputs/dog6/krona_8_2e-06_1e-06_1200_False/images,False
clock,1,8,0.77783203125,0.3102591378348214,2,250,2e-06,5e-05,1.0,1.0,/home/btech/ayush.singh/tune_krona_outputs/clock/krona_8_2e-06_5e-05_400_True/images,True
cat,1,8,0.80615234375,0.3127230940193966,5,250,5e-06,0.0001,1.0,1.0,/home/btech/ayush.singh/tune_krona_outputs/cat/krona_8_5e-06_0.0001_1200_True/images,True
clock,1,8,0.7939453125,0.3052804129464285,134,6,2e-06,5e-05,1.0,1.0,/home/btech/ayush.singh/tune_krona_outputs/clock/krona_8_2e-06_5e-05_800_False/images,False
teapot,1,8,0.7744140625,0.3427327473958333,2,250,2e-06,5e-05,1.0,1.0,/home/btech/ayush.singh/tune_krona_outputs/teapot/krona_8_2e-06_5e-05_400_True/images,True
dog6,1,8,0.72802734375,0.2956180057010135,80,5,2e-06,5e-05,1.0,1.0,/home/btech/ayush.singh/tune_krona_outputs/dog6/krona_8_2e-06_5e-05_400_False/images,False
backpack,1,8,0.8076171875,0.3256920123922414,5,250,5e-06,0.0001,1.0,1.0,/home/btech/ayush.singh/tune_krona_outputs/backpack/krona_8_5e-06_0.0001_1200_True/images,True
dog6,1,8,0.7158203125,0.2975216427364865,5,250,2e-06,1e-06,1.0,1.0,/home/btech/ayush.singh/tune_krona_outputs/dog6/krona_8_2e-06_1e-06_1200_True/images,True
cat,1,8,0.77685546875,0.3161284348060345,2,250,2e-06,5e-06,1.0,1.0,/home/btech/ayush.singh/tune_krona_outputs/cat/krona_8_2e-06_5e-06_400_True/images,True
dog2,1,8,0.7353515625,0.2985595703125,5,250,5e-06,0.0001,1.0,1.0,/home/btech/ayush.singh/tune_krona_outputs/dog2/krona_8_5e-06_0.0001_1200_True/images,True
clock,1,8,0.771484375,0.3081141880580357,4,250,2e-06,5e-05,1.0,1.0,/home/btech/ayush.singh/tune_krona_outputs/clock/krona_8_2e-06_5e-05_800_True/images,True
clock,1,8,0.79541015625,0.2976248604910714,167,6,2e-06,5e-05,1.0,1.0,/home/btech/ayush.singh/tune_krona_outputs/clock/krona_8_2e-06_5e-05_1000_False/images,False
dog6,1,8,0.7431640625,0.2973830764358108,2,250,2e-06,5e-05,1.0,1.0,/home/btech/ayush.singh/tune_krona_outputs/dog6/krona_8_2e-06_5e-05_400_True/images,True
teapot,1,8,0.7939453125,0.341943359375,4,250,2e-06,5e-05,1.0,1.0,/home/btech/ayush.singh/tune_krona_outputs/teapot/krona_8_2e-06_5e-05_800_True/images,True
backpack,1,8,0.7861328125,0.3273252289870689,2,250,2e-06,5e-06,1.0,1.0,/home/btech/ayush.singh/tune_krona_outputs/backpack/krona_8_2e-06_5e-06_400_True/images,True
dog6,1,8,0.74658203125,0.2951693148226351,160,5,2e-06,5e-05,1.0,1.0,/home/btech/ayush.singh/tune_krona_outputs/dog6/krona_8_2e-06_5e-05_800_False/images,False
dog2,1,8,0.68115234375,0.3089215959821428,2,250,2e-06,5e-06,1.0,1.0,/home/btech/ayush.singh/tune_krona_outputs/dog2/krona_8_2e-06_5e-06_400_True/images,True
cat,1,8,0.78515625,0.3160232017780172,4,250,2e-06,5e-06,1.0,1.0,/home/btech/ayush.singh/tune_krona_outputs/cat/krona_8_2e-06_5e-06_800_True/images,True
clock,1,8,0.78759765625,0.30755615234375,4,250,2e-06,5e-05,1.0,1.0,/home/btech/ayush.singh/tune_krona_outputs/clock/krona_8_2e-06_5e-05_1000_True/images,True
dog6,1,8,0.74462890625,0.2970564558699324,4,250,2e-06,5e-05,1.0,1.0,/home/btech/ayush.singh/tune_krona_outputs/dog6/krona_8_2e-06_5e-05_800_True/images,True
clock,1,8,0.78955078125,0.3021240234375,200,6,2e-06,5e-05,1.0,1.0,/home/btech/ayush.singh/tune_krona_outputs/clock/krona_8_2e-06_5e-05_1200_False/images,False
teapot,1,8,0.78515625,0.3346272786458333,4,250,2e-06,5e-05,1.0,1.0,/home/btech/ayush.singh/tune_krona_outputs/teapot/krona_8_2e-06_5e-05_1000_True/images,True
dog6,1,8,0.73876953125,0.2990029824746621,200,5,2e-06,5e-05,1.0,1.0,/home/btech/ayush.singh/tune_krona_outputs/dog6/krona_8_2e-06_5e-05_1000_False/images,False
backpack,1,8,0.7744140625,0.3248838227370689,4,250,2e-06,5e-06,1.0,1.0,/home/btech/ayush.singh/tune_krona_outputs/backpack/krona_8_2e-06_5e-06_800_True/images,True
dog2,1,8,0.69482421875,0.3035400390625,4,250,2e-06,5e-06,1.0,1.0,/home/btech/ayush.singh/tune_krona_outputs/dog2/krona_8_2e-06_5e-06_800_True/images,True
clock,1,8,0.75146484375,0.3173740931919643,67,6,2e-06,2e-05,1.0,1.0,/home/btech/ayush.singh/tune_krona_outputs/clock/krona_8_2e-06_2e-05_400_False/images,False
clock,1,8,0.77392578125,0.3084368024553571,5,250,2e-06,5e-05,1.0,1.0,/home/btech/ayush.singh/tune_krona_outputs/clock/krona_8_2e-06_5e-05_1200_True/images,True
dog6,1,8,0.7421875,0.2951099292652027,4,250,2e-06,5e-05,1.0,1.0,/home/btech/ayush.singh/tune_krona_outputs/dog6/krona_8_2e-06_5e-05_1000_True/images,True
cat,1,8,0.77294921875,0.3126852101293103,4,250,2e-06,5e-06,1.0,1.0,/home/btech/ayush.singh/tune_krona_outputs/cat/krona_8_2e-06_5e-06_1000_True/images,True
dog6,1,8,0.74658203125,0.3019491659628378,240,5,2e-06,5e-05,1.0,1.0,/home/btech/ayush.singh/tune_krona_outputs/dog6/krona_8_2e-06_5e-05_1200_False/images,False
teapot,1,8,0.7880859375,0.3341878255208333,5,250,2e-06,5e-05,1.0,1.0,/home/btech/ayush.singh/tune_krona_outputs/teapot/krona_8_2e-06_5e-05_1200_True/images,True
clock,1,8,0.75830078125,0.3145490373883928,134,6,2e-06,2e-05,1.0,1.0,/home/btech/ayush.singh/tune_krona_outputs/clock/krona_8_2e-06_2e-05_800_False/images,False
clock,1,8,0.74755859375,0.3147844587053571,2,250,2e-06,2e-05,1.0,1.0,/home/btech/ayush.singh/tune_krona_outputs/clock/krona_8_2e-06_2e-05_400_True/images,True
backpack,1,8,0.78662109375,0.3258603852370689,4,250,2e-06,5e-06,1.0,1.0,/home/btech/ayush.singh/tune_krona_outputs/backpack/krona_8_2e-06_5e-06_1000_True/images,True
dog6,1,8,0.7119140625,0.2971554317989865,80,5,2e-06,2e-05,1.0,1.0,/home/btech/ayush.singh/tune_krona_outputs/dog6/krona_8_2e-06_2e-05_400_False/images,False
teapot,1,8,0.77001953125,0.3445963541666667,2,250,2e-06,2e-05,1.0,1.0,/home/btech/ayush.singh/tune_krona_outputs/teapot/krona_8_2e-06_2e-05_400_True/images,True
dog2,1,8,0.69677734375,0.3023995535714285,4,250,2e-06,5e-06,1.0,1.0,/home/btech/ayush.singh/tune_krona_outputs/dog2/krona_8_2e-06_5e-06_1000_True/images,True
dog6,1,8,0.7568359375,0.2980198215793919,5,250,2e-06,5e-05,1.0,1.0,/home/btech/ayush.singh/tune_krona_outputs/dog6/krona_8_2e-06_5e-05_1200_True/images,True
clock,1,8,0.75390625,0.3153860909598214,4,250,2e-06,2e-05,1.0,1.0,/home/btech/ayush.singh/tune_krona_outputs/clock/krona_8_2e-06_2e-05_800_True/images,True
clock,1,8,0.76513671875,0.3142351422991071,167,6,2e-06,2e-05,1.0,1.0,/home/btech/ayush.singh/tune_krona_outputs/clock/krona_8_2e-06_2e-05_1000_False/images,False
teapot,1,8,0.78271484375,0.340234375,4,250,2e-06,2e-05,1.0,1.0,/home/btech/ayush.singh/tune_krona_outputs/teapot/krona_8_2e-06_2e-05_800_True/images,True
dog6,1,8,0.73828125,0.2950637404983108,160,5,2e-06,2e-05,1.0,1.0,/home/btech/ayush.singh/tune_krona_outputs/dog6/krona_8_2e-06_2e-05_800_False/images,False
dog6,1,8,0.73291015625,0.2994054845861486,2,250,2e-06,2e-05,1.0,1.0,/home/btech/ayush.singh/tune_krona_outputs/dog6/krona_8_2e-06_2e-05_400_True/images,True
cat,1,8,0.7734375,0.3189570985991379,5,250,2e-06,5e-06,1.0,1.0,/home/btech/ayush.singh/tune_krona_outputs/cat/krona_8_2e-06_5e-06_1200_True/images,True
backpack,1,8,0.7841796875,0.3313830145474138,5,250,2e-06,5e-06,1.0,1.0,/home/btech/ayush.singh/tune_krona_outputs/backpack/krona_8_2e-06_5e-06_1200_True/images,True
clock,1,8,0.7578125,0.3151332310267857,4,250,2e-06,2e-05,1.0,1.0,/home/btech/ayush.singh/tune_krona_outputs/clock/krona_8_2e-06_2e-05_1000_True/images,True
cat,1,8,0.78125,0.3176101158405172,2,250,2e-06,2e-06,1.0,1.0,/home/btech/ayush.singh/tune_krona_outputs/cat/krona_8_2e-06_2e-06_400_True/images,True
clock,1,8,0.7587890625,0.3119942801339285,200,6,2e-06,2e-05,1.0,1.0,/home/btech/ayush.singh/tune_krona_outputs/clock/krona_8_2e-06_2e-05_1200_False/images,False
dog6,1,8,0.74560546875,0.2995572476773648,4,250,2e-06,2e-05,1.0,1.0,/home/btech/ayush.singh/tune_krona_outputs/dog6/krona_8_2e-06_2e-05_800_True/images,True
dog2,1,8,0.6923828125,0.3027134486607143,5,250,2e-06,5e-06,1.0,1.0,/home/btech/ayush.singh/tune_krona_outputs/dog2/krona_8_2e-06_5e-06_1200_True/images,True
teapot,1,8,0.77685546875,0.344287109375,4,250,2e-06,2e-05,1.0,1.0,/home/btech/ayush.singh/tune_krona_outputs/teapot/krona_8_2e-06_2e-05_1000_True/images,True
dog6,1,8,0.73193359375,0.2975777290962837,200,5,2e-06,2e-05,1.0,1.0,/home/btech/ayush.singh/tune_krona_outputs/dog6/krona_8_2e-06_2e-05_1000_False/images,False
backpack,1,8,0.78564453125,0.3296824488146552,2,250,2e-06,2e-06,1.0,1.0,/home/btech/ayush.singh/tune_krona_outputs/backpack/krona_8_2e-06_2e-06_400_True/images,True
clock,1,8,0.73779296875,0.3189522879464285,67,6,2e-06,1e-05,1.0,1.0,/home/btech/ayush.singh/tune_krona_outputs/clock/krona_8_2e-06_1e-05_400_False/images,False
dog2,1,8,0.689453125,0.3031284877232142,2,250,2e-06,2e-06,1.0,1.0,/home/btech/ayush.singh/tune_krona_outputs/dog2/krona_8_2e-06_2e-06_400_True/images,True
cat,1,8,0.77783203125,0.3137712149784483,4,250,2e-06,2e-06,1.0,1.0,/home/btech/ayush.singh/tune_krona_outputs/cat/krona_8_2e-06_2e-06_800_True/images,True
clock,1,8,0.7509765625,0.3101719447544643,5,250,2e-06,2e-05,1.0,1.0,/home/btech/ayush.singh/tune_krona_outputs/clock/krona_8_2e-06_2e-05_1200_True/images,True
dog6,1,8,0.73974609375,0.2985905827702703,4,250,2e-06,2e-05,1.0,1.0,/home/btech/ayush.singh/tune_krona_outputs/dog6/krona_8_2e-06_2e-05_1000_True/images,True
clock,1,8,0.76220703125,0.3085414341517857,134,6,2e-06,1e-05,1.0,1.0,/home/btech/ayush.singh/tune_krona_outputs/clock/krona_8_2e-06_1e-05_800_False/images,False
dog6,1,8,0.72607421875,0.2951297244510135,240,5,2e-06,2e-05,1.0,1.0,/home/btech/ayush.singh/tune_krona_outputs/dog6/krona_8_2e-06_2e-05_1200_False/images,False
teapot,1,8,0.78076171875,0.3386067708333333,5,250,2e-06,2e-05,1.0,1.0,/home/btech/ayush.singh/tune_krona_outputs/teapot/krona_8_2e-06_2e-05_1200_True/images,True
clock,1,8,0.736328125,0.3231113978794643,2,250,2e-06,1e-05,1.0,1.0,/home/btech/ayush.singh/tune_krona_outputs/clock/krona_8_2e-06_1e-05_400_True/images,True
backpack,1,8,0.7705078125,0.3269505994073275,4,250,2e-06,2e-06,1.0,1.0,/home/btech/ayush.singh/tune_krona_outputs/backpack/krona_8_2e-06_2e-06_800_True/images,True
dog6,1,8,0.7177734375,0.2954860377956081,80,5,2e-06,1e-05,1.0,1.0,/home/btech/ayush.singh/tune_krona_outputs/dog6/krona_8_2e-06_1e-05_400_False/images,False
teapot,1,8,0.7763671875,0.3419840494791666,2,250,2e-06,1e-05,1.0,1.0,/home/btech/ayush.singh/tune_krona_outputs/teapot/krona_8_2e-06_1e-05_400_True/images,True
dog2,1,8,0.68310546875,0.3050676618303571,4,250,2e-06,2e-06,1.0,1.0,/home/btech/ayush.singh/tune_krona_outputs/dog2/krona_8_2e-06_2e-06_800_True/images,True
clock,1,8,0.7421875,0.3159354073660714,167,6,2e-06,1e-05,1.0,1.0,/home/btech/ayush.singh/tune_krona_outputs/clock/krona_8_2e-06_1e-05_1000_False/images,False
clock,1,8,0.73583984375,0.3174089704241071,4,250,2e-06,1e-05,1.0,1.0,/home/btech/ayush.singh/tune_krona_outputs/clock/krona_8_2e-06_1e-05_800_True/images,True
dog6,1,8,0.73876953125,0.297778980152027,5,250,2e-06,2e-05,1.0,1.0,/home/btech/ayush.singh/tune_krona_outputs/dog6/krona_8_2e-06_2e-05_1200_True/images,True
cat,1,8,0.78125,0.3111319706357758,4,250,2e-06,2e-06,1.0,1.0,/home/btech/ayush.singh/tune_krona_outputs/cat/krona_8_2e-06_2e-06_1000_True/images,True
teapot,1,8,0.78564453125,0.3453450520833333,4,250,2e-06,1e-05,1.0,1.0,/home/btech/ayush.singh/tune_krona_outputs/teapot/krona_8_2e-06_1e-05_800_True/images,True
dog6,1,8,0.72412109375,0.3005338101773648,160,5,2e-06,1e-05,1.0,1.0,/home/btech/ayush.singh/tune_krona_outputs/dog6/krona_8_2e-06_1e-05_800_False/images,False
dog6,1,8,0.72412109375,0.3005173141891892,2,250,2e-06,1e-05,1.0,1.0,/home/btech/ayush.singh/tune_krona_outputs/dog6/krona_8_2e-06_1e-05_400_True/images,True
backpack,1,8,0.783203125,0.3330078125,4,250,2e-06,2e-06,1.0,1.0,/home/btech/ayush.singh/tune_krona_outputs/backpack/krona_8_2e-06_2e-06_1000_True/images,True
clock,1,8,0.7529296875,0.3153773716517857,4,250,2e-06,1e-05,1.0,1.0,/home/btech/ayush.singh/tune_krona_outputs/clock/krona_8_2e-06_1e-05_1000_True/images,True
dog2,1,8,0.69287109375,0.3051060267857143,4,250,2e-06,2e-06,1.0,1.0,/home/btech/ayush.singh/tune_krona_outputs/dog2/krona_8_2e-06_2e-06_1000_True/images,True
clock,1,8,0.75439453125,0.3186122349330357,200,6,2e-06,1e-05,1.0,1.0,/home/btech/ayush.singh/tune_krona_outputs/clock/krona_8_2e-06_1e-05_1200_False/images,False
teapot,1,8,0.775390625,0.3508870442708333,4,250,2e-06,1e-05,1.0,1.0,/home/btech/ayush.singh/tune_krona_outputs/teapot/krona_8_2e-06_1e-05_1000_True/images,True
dog6,1,8,0.7255859375,0.2999960409628378,4,250,2e-06,1e-05,1.0,1.0,/home/btech/ayush.singh/tune_krona_outputs/dog6/krona_8_2e-06_1e-05_800_True/images,True
dog6,1,8,0.73095703125,0.2934240392736486,200,5,2e-06,1e-05,1.0,1.0,/home/btech/ayush.singh/tune_krona_outputs/dog6/krona_8_2e-06_1e-05_1000_False/images,False
clock,1,8,0.7900390625,0.2874407087053571,67,6,2e-06,0.0005,1.0,1.0,/home/btech/ayush.singh/tune_krona_outputs/clock/krona_8_2e-06_0.0005_400_False/images,False
cat,1,8,0.78173828125,0.3158169450431034,5,250,2e-06,2e-06,1.0,1.0,/home/btech/ayush.singh/tune_krona_outputs/cat/krona_8_2e-06_2e-06_1200_True/images,True
clock,1,8,0.75927734375,0.3144182477678571,5,250,2e-06,1e-05,1.0,1.0,/home/btech/ayush.singh/tune_krona_outputs/clock/krona_8_2e-06_1e-05_1200_True/images,True
backpack,1,8,0.78662109375,0.3347925646551724,5,250,2e-06,2e-06,1.0,1.0,/home/btech/ayush.singh/tune_krona_outputs/backpack/krona_8_2e-06_2e-06_1200_True/images,True
cat,1,8,0.77685546875,0.3142426589439655,2,250,2e-06,1e-06,1.0,1.0,/home/btech/ayush.singh/tune_krona_outputs/cat/krona_8_2e-06_1e-06_400_True/images,True
clock,1,8,0.814453125,0.2893763950892857,134,6,2e-06,0.0005,1.0,1.0,/home/btech/ayush.singh/tune_krona_outputs/clock/krona_8_2e-06_0.0005_800_False/images,False
dog6,1,8,0.72021484375,0.2946117504222973,4,250,2e-06,1e-05,1.0,1.0,/home/btech/ayush.singh/tune_krona_outputs/dog6/krona_8_2e-06_1e-05_1000_True/images,True
teapot,1,8,0.77880859375,0.3441731770833333,5,250,2e-06,1e-05,1.0,1.0,/home/btech/ayush.singh/tune_krona_outputs/teapot/krona_8_2e-06_1e-05_1200_True/images,True
dog6,1,8,0.7412109375,0.2992306271114865,240,5,2e-06,1e-05,1.0,1.0,/home/btech/ayush.singh/tune_krona_outputs/dog6/krona_8_2e-06_1e-05_1200_False/images,False
clock,1,8,0.79443359375,0.3011125837053571,2,250,2e-06,0.0005,1.0,1.0,/home/btech/ayush.singh/tune_krona_outputs/clock/krona_8_2e-06_0.0005_400_True/images,True
dog2,1,8,0.69091796875,0.3044049944196428,5,250,2e-06,2e-06,1.0,1.0,/home/btech/ayush.singh/tune_krona_outputs/dog2/krona_8_2e-06_2e-06_1200_True/images,True
backpack,1,8,0.767578125,0.3263570851293103,2,250,2e-06,1e-06,1.0,1.0,/home/btech/ayush.singh/tune_krona_outputs/backpack/krona_8_2e-06_1e-06_400_True/images,True
teapot,1,8,0.7802734375,0.3304443359375,2,250,2e-06,0.0005,1.0,1.0,/home/btech/ayush.singh/tune_krona_outputs/teapot/krona_8_2e-06_0.0005_400_True/images,True
dog6,1,8,0.77587890625,0.2954530458192567,80,5,2e-06,0.0005,1.0,1.0,/home/btech/ayush.singh/tune_krona_outputs/dog6/krona_8_2e-06_0.0005_400_False/images,False
dog2,1,8,0.6953125,0.3082833426339286,2,250,2e-06,1e-06,1.0,1.0,/home/btech/ayush.singh/tune_krona_outputs/dog2/krona_8_2e-06_1e-06_400_True/images,True
clock,1,8,0.81298828125,0.2846766880580357,167,6,2e-06,0.0005,1.0,1.0,/home/btech/ayush.singh/tune_krona_outputs/clock/krona_8_2e-06_0.0005_1000_False/images,False
clock,1,8,0.794921875,0.2943812779017857,4,250,2e-06,0.0005,1.0,1.0,/home/btech/ayush.singh/tune_krona_outputs/clock/krona_8_2e-06_0.0005_800_True/images,True
cat,1,8,0.775390625,0.3157243399784483,4,250,2e-06,1e-06,1.0,1.0,/home/btech/ayush.singh/tune_krona_outputs/cat/krona_8_2e-06_1e-06_800_True/images,True
dog6,1,8,0.73486328125,0.2993098078547297,5,250,2e-06,1e-05,1.0,1.0,/home/btech/ayush.singh/tune_krona_outputs/dog6/krona_8_2e-06_1e-05_1200_True/images,True
teapot,1,8,0.8232421875,0.318896484375,4,250,2e-06,0.0005,1.0,1.0,/home/btech/ayush.singh/tune_krona_outputs/teapot/krona_8_2e-06_0.0005_800_True/images,True
dog6,1,8,0.79248046875,0.2841895850929054,160,5,2e-06,0.0005,1.0,1.0,/home/btech/ayush.singh/tune_krona_outputs/dog6/krona_8_2e-06_0.0005_800_False/images,False
backpack,1,8,0.77197265625,0.33056640625,4,250,2e-06,1e-06,1.0,1.0,/home/btech/ayush.singh/tune_krona_outputs/backpack/krona_8_2e-06_1e-06_800_True/images,True
dog6,1,8,0.75390625,0.2941630595439189,2,250,2e-06,0.0005,1.0,1.0,/home/btech/ayush.singh/tune_krona_outputs/dog6/krona_8_2e-06_0.0005_400_True/images,True
clock,1,8,0.794921875,0.2962166922433035,4,250,2e-06,0.0005,1.0,1.0,/home/btech/ayush.singh/tune_krona_outputs/clock/krona_8_2e-06_0.0005_1000_True/images,True
dog2,1,8,0.685546875,0.3070521763392857,4,250,2e-06,1e-06,1.0,1.0,/home/btech/ayush.singh/tune_krona_outputs/dog2/krona_8_2e-06_1e-06_800_True/images,True
clock,1,8,0.82177734375,0.282562255859375,200,6,2e-06,0.0005,1.0,1.0,/home/btech/ayush.singh/tune_krona_outputs/clock/krona_8_2e-06_0.0005_1200_False/images,False
teapot,1,8,0.79248046875,0.3371500651041667,4,250,2e-06,0.0005,1.0,1.0,/home/btech/ayush.singh/tune_krona_outputs/teapot/krona_8_2e-06_0.0005_1000_True/images,True
cat,1,8,0.76708984375,0.3183004445043103,4,250,2e-06,1e-06,1.0,1.0,/home/btech/ayush.singh/tune_krona_outputs/cat/krona_8_2e-06_1e-06_1000_True/images,True
dog6,1,8,0.79833984375,0.2872182485219595,4,250,2e-06,0.0005,1.0,1.0,/home/btech/ayush.singh/tune_krona_outputs/dog6/krona_8_2e-06_0.0005_800_True/images,True
dog6,1,8,0.818359375,0.2811444256756756,200,5,2e-06,0.0005,1.0,1.0,/home/btech/ayush.singh/tune_krona_outputs/dog6/krona_8_2e-06_0.0005_1000_False/images,False
clock,1,8,0.77392578125,0.3112269810267857,67,6,2e-06,0.0001,1.0,1.0,/home/btech/ayush.singh/tune_krona_outputs/clock/krona_8_2e-06_0.0001_400_False/images,False
backpack,1,8,0.7861328125,0.3277966729525862,4,250,2e-06,1e-06,1.0,1.0,/home/btech/ayush.singh/tune_krona_outputs/backpack/krona_8_2e-06_1e-06_1000_True/images,True
clock,1,8,0.79541015625,0.29510498046875,5,250,2e-06,0.0005,1.0,1.0,/home/btech/ayush.singh/tune_krona_outputs/clock/krona_8_2e-06_0.0005_1200_True/images,True
clock,1,8,0.79345703125,0.3010777064732143,134,6,2e-06,0.0001,1.0,1.0,/home/btech/ayush.singh/tune_krona_outputs/clock/krona_8_2e-06_0.0001_800_False/images,False
dog2,1,8,0.685546875,0.3042829241071428,4,250,2e-06,1e-06,1.0,1.0,/home/btech/ayush.singh/tune_krona_outputs/dog2/krona_8_2e-06_1e-06_1000_True/images,True
dog6,1,8,0.79150390625,0.2867398648648648,4,250,2e-06,0.0005,1.0,1.0,/home/btech/ayush.singh/tune_krona_outputs/dog6/krona_8_2e-06_0.0005_1000_True/images,True
teapot,1,8,0.81884765625,0.3240071614583333,5,250,2e-06,0.0005,1.0,1.0,/home/btech/ayush.singh/tune_krona_outputs/teapot/krona_8_2e-06_0.0005_1200_True/images,True
clock,1,8,0.7607421875,0.3095354352678571,2,250,2e-06,0.0001,1.0,1.0,/home/btech/ayush.singh/tune_krona_outputs/clock/krona_8_2e-06_0.0001_400_True/images,True
dog6,1,8,0.8203125,0.2844832136824324,240,5,2e-06,0.0005,1.0,1.0,/home/btech/ayush.singh/tune_krona_outputs/dog6/krona_8_2e-06_0.0005_1200_False/images,False
teapot,1,8,0.7890625,0.3336669921875,2,250,2e-06,0.0001,1.0,1.0,/home/btech/ayush.singh/tune_krona_outputs/teapot/krona_8_2e-06_0.0001_400_True/images,True
cat,1,8,0.77587890625,0.3154886179956896,5,250,2e-06,1e-06,1.0,1.0,/home/btech/ayush.singh/tune_krona_outputs/cat/krona_8_2e-06_1e-06_1200_True/images,True
dog6,1,8,0.7294921875,0.2965780722128378,80,5,2e-06,0.0001,1.0,1.0,/home/btech/ayush.singh/tune_krona_outputs/dog6/krona_8_2e-06_0.0001_400_False/images,False
clock,1,8,0.80126953125,0.2967442103794643,167,6,2e-06,0.0001,1.0,1.0,/home/btech/ayush.singh/tune_krona_outputs/clock/krona_8_2e-06_0.0001_1000_False/images,False
clock,1,8,0.79736328125,0.3017403738839285,4,250,2e-06,0.0001,1.0,1.0,/home/btech/ayush.singh/tune_krona_outputs/clock/krona_8_2e-06_0.0001_800_True/images,True
backpack,1,8,0.775390625,0.3293288658405172,5,250,2e-06,1e-06,1.0,1.0,/home/btech/ayush.singh/tune_krona_outputs/backpack/krona_8_2e-06_1e-06_1200_True/images,True
cat,1,8,0.78564453125,0.3134513065732758,2,250,2e-06,5e-05,1.0,1.0,/home/btech/ayush.singh/tune_krona_outputs/cat/krona_8_2e-06_5e-05_400_True/images,True
dog6,1,8,0.802734375,0.2808672930743243,5,250,2e-06,0.0005,1.0,1.0,/home/btech/ayush.singh/tune_krona_outputs/dog6/krona_8_2e-06_0.0005_1200_True/images,True
teapot,1,8,0.78125,0.3318115234375,4,250,2e-06,0.0001,1.0,1.0,/home/btech/ayush.singh/tune_krona_outputs/teapot/krona_8_2e-06_0.0001_800_True/images,True
dog6,1,8,0.75927734375,0.295631202491554,160,5,2e-06,0.0001,1.0,1.0,/home/btech/ayush.singh/tune_krona_outputs/dog6/krona_8_2e-06_0.0001_800_False/images,False
dog2,1,8,0.69287109375,0.3126150948660714,5,250,2e-06,1e-06,1.0,1.0,/home/btech/ayush.singh/tune_krona_outputs/dog2/krona_8_2e-06_1e-06_1200_True/images,True
backpack,1,8,0.78125,0.329480401400862,2,250,2e-06,5e-05,1.0,1.0,/home/btech/ayush.singh/tune_krona_outputs/backpack/krona_8_2e-06_5e-05_400_True/images,True
dog6,1,8,0.74365234375,0.2951495196368243,2,250,2e-06,0.0001,1.0,1.0,/home/btech/ayush.singh/tune_krona_outputs/dog6/krona_8_2e-06_0.0001_400_True/images,True
clock,1,8,0.77783203125,0.3045131138392857,4,250,2e-06,0.0001,1.0,1.0,/home/btech/ayush.singh/tune_krona_outputs/clock/krona_8_2e-06_0.0001_1000_True/images,True
clock,1,8,0.8017578125,0.2998134068080357,200,6,2e-06,0.0001,1.0,1.0,/home/btech/ayush.singh/tune_krona_outputs/clock/krona_8_2e-06_0.0001_1200_False/images,False
dog2,1,8,0.69677734375,0.3096051897321428,2,250,2e-06,5e-05,1.0,1.0,/home/btech/ayush.singh/tune_krona_outputs/dog2/krona_8_2e-06_5e-05_400_True/images,True
cat,1,8,0.79345703125,0.3107531317349138,4,250,2e-06,5e-05,1.0,1.0,/home/btech/ayush.singh/tune_krona_outputs/cat/krona_8_2e-06_5e-05_800_True/images,True
teapot,1,8,0.80517578125,0.3354248046875,4,250,2e-06,0.0001,1.0,1.0,/home/btech/ayush.singh/tune_krona_outputs/teapot/krona_8_2e-06_0.0001_1000_True/images,True
clock,1,8,0.7451171875,0.3146885463169643,67,6,1e-06,5e-06,1.0,1.0,/home/btech/ayush.singh/tune_krona_outputs/clock/krona_8_1e-06_5e-06_400_False/images,False
dog6,1,8,0.7548828125,0.2943478146114865,4,250,2e-06,0.0001,1.0,1.0,/home/btech/ayush.singh/tune_krona_outputs/dog6/krona_8_2e-06_0.0001_800_True/images,True
dog6,1,8,0.7548828125,0.2935296135979729,200,5,2e-06,0.0001,1.0,1.0,/home/btech/ayush.singh/tune_krona_outputs/dog6/krona_8_2e-06_0.0001_1000_False/images,False
backpack,1,8,0.79052734375,0.3326289735991379,4,250,2e-06,5e-05,1.0,1.0,/home/btech/ayush.singh/tune_krona_outputs/backpack/krona_8_2e-06_5e-05_800_True/images,True
clock,1,8,0.79345703125,0.3028302873883928,5,250,2e-06,0.0001,1.0,1.0,/home/btech/ayush.singh/tune_krona_outputs/clock/krona_8_2e-06_0.0001_1200_True/images,True
clock,1,8,0.7431640625,0.3159005301339285,134,6,1e-06,5e-06,1.0,1.0,/home/btech/ayush.singh/tune_krona_outputs/clock/krona_8_1e-06_5e-06_800_False/images,False
dog2,1,8,0.7041015625,0.3083844866071428,4,250,2e-06,5e-05,1.0,1.0,/home/btech/ayush.singh/tune_krona_outputs/dog2/krona_8_2e-06_5e-05_800_True/images,True
teapot,1,8,0.80322265625,0.3341064453125,5,250,2e-06,0.0001,1.0,1.0,/home/btech/ayush.singh/tune_krona_outputs/teapot/krona_8_2e-06_0.0001_1200_True/images,True
clock,1,8,0.7421875,0.3158046177455357,2,250,1e-06,5e-06,1.0,1.0,/home/btech/ayush.singh/tune_krona_outputs/clock/krona_8_1e-06_5e-06_400_True/images,True
dog6,1,8,0.75537109375,0.2902733055320945,4,250,2e-06,0.0001,1.0,1.0,/home/btech/ayush.singh/tune_krona_outputs/dog6/krona_8_2e-06_0.0001_1000_True/images,True
cat,1,8,0.7939453125,0.3123400457974138,4,250,2e-06,5e-05,1.0,1.0,/home/btech/ayush.singh/tune_krona_outputs/cat/krona_8_2e-06_5e-05_1000_True/images,True
dog6,1,8,0.75634765625,0.2940838788006756,240,5,2e-06,0.0001,1.0,1.0,/home/btech/ayush.singh/tune_krona_outputs/dog6/krona_8_2e-06_0.0001_1200_False/images,False
teapot,1,8,0.76806640625,0.3406656901041666,2,250,1e-06,5e-06,1.0,1.0,/home/btech/ayush.singh/tune_krona_outputs/teapot/krona_8_1e-06_5e-06_400_True/images,True
backpack,1,8,0.7958984375,0.3294298895474138,4,250,2e-06,5e-05,1.0,1.0,/home/btech/ayush.singh/tune_krona_outputs/backpack/krona_8_2e-06_5e-05_1000_True/images,True
dog6,1,8,0.70849609375,0.2966638513513513,80,5,1e-06,5e-06,1.0,1.0,/home/btech/ayush.singh/tune_krona_outputs/dog6/krona_8_1e-06_5e-06_400_False/images,False
clock,1,8,0.7548828125,0.3138602120535714,167,6,1e-06,5e-06,1.0,1.0,/home/btech/ayush.singh/tune_krona_outputs/clock/krona_8_1e-06_5e-06_1000_False/images,False
clock,1,8,0.76171875,0.3202427455357143,4,250,1e-06,5e-06,1.0,1.0,/home/btech/ayush.singh/tune_krona_outputs/clock/krona_8_1e-06_5e-06_800_True/images,True
dog6,1,8,0.74462890625,0.2932821737753378,5,250,2e-06,0.0001,1.0,1.0,/home/btech/ayush.singh/tune_krona_outputs/dog6/krona_8_2e-06_0.0001_1200_True/images,True
teapot,1,8,0.7734375,0.3506998697916667,4,250,1e-06,5e-06,1.0,1.0,/home/btech/ayush.singh/tune_krona_outputs/teapot/krona_8_1e-06_5e-06_800_True/images,True
dog2,1,8,0.69970703125,0.3061872209821428,4,250,2e-06,5e-05,1.0,1.0,/home/btech/ayush.singh/tune_krona_outputs/dog2/krona_8_2e-06_5e-05_1000_True/images,True
dog6,1,8,0.71533203125,0.3031104835304054,160,5,1e-06,5e-06,1.0,1.0,/home/btech/ayush.singh/tune_krona_outputs/dog6/krona_8_1e-06_5e-06_800_False/images,False
dog6,1,8,0.71435546875,0.2990326752533784,2,250,1e-06,5e-06,1.0,1.0,/home/btech/ayush.singh/tune_krona_outputs/dog6/krona_8_1e-06_5e-06_400_True/images,True
cat,1,8,0.7958984375,0.3102311759159483,5,250,2e-06,5e-05,1.0,1.0,/home/btech/ayush.singh/tune_krona_outputs/cat/krona_8_2e-06_5e-05_1200_True/images,True
clock,1,8,0.75537109375,0.3131365094866071,4,250,1e-06,5e-06,1.0,1.0,/home/btech/ayush.singh/tune_krona_outputs/clock/krona_8_1e-06_5e-06_1000_True/images,True
clock,1,8,0.75830078125,0.3116019112723214,200,6,1e-06,5e-06,1.0,1.0,/home/btech/ayush.singh/tune_krona_outputs/clock/krona_8_1e-06_5e-06_1200_False/images,False
backpack,1,8,0.79931640625,0.326550713900862,5,250,2e-06,5e-05,1.0,1.0,/home/btech/ayush.singh/tune_krona_outputs/backpack/krona_8_2e-06_5e-05_1200_True/images,True
teapot,1,8,0.77197265625,0.345361328125,4,250,1e-06,5e-06,1.0,1.0,/home/btech/ayush.singh/tune_krona_outputs/teapot/krona_8_1e-06_5e-06_1000_True/images,True
clock,1,8,0.7275390625,0.31719970703125,67,6,1e-06,2e-06,1.0,1.0,/home/btech/ayush.singh/tune_krona_outputs/clock/krona_8_1e-06_2e-06_400_False/images,False
cat,1,8,0.7705078125,0.3194074959590517,2,250,2e-06,2e-05,1.0,1.0,/home/btech/ayush.singh/tune_krona_outputs/cat/krona_8_2e-06_2e-05_400_True/images,True
dog6,1,8,0.72705078125,0.3013025232263513,200,5,1e-06,5e-06,1.0,1.0,/home/btech/ayush.singh/tune_krona_outputs/dog6/krona_8_1e-06_5e-06_1000_False/images,False
dog6,1,8,0.71533203125,0.2979340424408784,4,250,1e-06,5e-06,1.0,1.0,/home/btech/ayush.singh/tune_krona_outputs/dog6/krona_8_1e-06_5e-06_800_True/images,True
backpack,1,8,0.787109375,0.3297750538793103,2,250,2e-06,2e-05,1.0,1.0,/home/btech/ayush.singh/tune_krona_outputs/backpack/krona_8_2e-06_2e-05_400_True/images,True
dog2,1,8,0.7080078125,0.3041887555803571,5,250,2e-06,5e-05,1.0,1.0,/home/btech/ayush.singh/tune_krona_outputs/dog2/krona_8_2e-06_5e-05_1200_True/images,True
clock,1,8,0.7470703125,0.32177734375,5,250,1e-06,5e-06,1.0,1.0,/home/btech/ayush.singh/tune_krona_outputs/clock/krona_8_1e-06_5e-06_1200_True/images,True
clock,1,8,0.72705078125,0.3185250418526785,134,6,1e-06,2e-06,1.0,1.0,/home/btech/ayush.singh/tune_krona_outputs/clock/krona_8_1e-06_2e-06_800_False/images,False
teapot,1,8,0.7685546875,0.34345703125,5,250,1e-06,5e-06,1.0,1.0,/home/btech/ayush.singh/tune_krona_outputs/teapot/krona_8_1e-06_5e-06_1200_True/images,True
cat,1,8,0.7900390625,0.3158169450431034,4,250,2e-06,2e-05,1.0,1.0,/home/btech/ayush.singh/tune_krona_outputs/cat/krona_8_2e-06_2e-05_800_True/images,True
clock,1,8,0.7451171875,0.3166242327008928,2,250,1e-06,2e-06,1.0,1.0,/home/btech/ayush.singh/tune_krona_outputs/clock/krona_8_1e-06_2e-06_400_True/images,True
dog2,1,8,0.68310546875,0.3091343470982143,2,250,2e-06,2e-05,1.0,1.0,/home/btech/ayush.singh/tune_krona_outputs/dog2/krona_8_2e-06_2e-05_400_True/images,True
dog6,1,8,0.71728515625,0.3015730574324324,4,250,1e-06,5e-06,1.0,1.0,/home/btech/ayush.singh/tune_krona_outputs/dog6/krona_8_1e-06_5e-06_1000_True/images,True
dog6,1,8,0.7333984375,0.2936747782939189,240,5,1e-06,5e-06,1.0,1.0,/home/btech/ayush.singh/tune_krona_outputs/dog6/krona_8_1e-06_5e-06_1200_False/images,False
teapot,1,8,0.7783203125,0.3410319010416666,2,250,1e-06,2e-06,1.0,1.0,/home/btech/ayush.singh/tune_krona_outputs/teapot/krona_8_1e-06_2e-06_400_True/images,True
backpack,1,8,0.7744140625,0.3265002020474138,4,250,2e-06,2e-05,1.0,1.0,/home/btech/ayush.singh/tune_krona_outputs/backpack/krona_8_2e-06_2e-05_800_True/images,True
clock,1,8,0.74951171875,0.3178885323660714,167,6,1e-06,2e-06,1.0,1.0,/home/btech/ayush.singh/tune_krona_outputs/clock/krona_8_1e-06_2e-06_1000_False/images,False
dog6,1,8,0.71728515625,0.3009726034628378,80,5,1e-06,2e-06,1.0,1.0,/home/btech/ayush.singh/tune_krona_outputs/dog6/krona_8_1e-06_2e-06_400_False/images,False
clock,1,8,0.74169921875,0.3177228655133928,4,250,1e-06,2e-06,1.0,1.0,/home/btech/ayush.singh/tune_krona_outputs/clock/krona_8_1e-06_2e-06_800_True/images,True
dog2,1,8,0.693359375,0.3094796316964285,4,250,2e-06,2e-05,1.0,1.0,/home/btech/ayush.singh/tune_krona_outputs/dog2/krona_8_2e-06_2e-05_800_True/images,True
teapot,1,8,0.7724609375,0.3410237630208333,4,250,1e-06,2e-06,1.0,1.0,/home/btech/ayush.singh/tune_krona_outputs/teapot/krona_8_1e-06_2e-06_800_True/images,True
dog6,1,8,0.7099609375,0.2993460990287162,5,250,1e-06,5e-06,1.0,1.0,/home/btech/ayush.singh/tune_krona_outputs/dog6/krona_8_1e-06_5e-06_1200_True/images,True
cat,1,8,0.791015625,0.3154465247844827,4,250,2e-06,2e-05,1.0,1.0,/home/btech/ayush.singh/tune_krona_outputs/cat/krona_8_2e-06_2e-05_1000_True/images,True
dog6,1,8,0.7216796875,0.3023219752956081,160,5,1e-06,2e-06,1.0,1.0,/home/btech/ayush.singh/tune_krona_outputs/dog6/krona_8_1e-06_2e-06_800_False/images,False
clock,1,8,0.7548828125,0.3198503766741071,200,6,1e-06,2e-06,1.0,1.0,/home/btech/ayush.singh/tune_krona_outputs/clock/krona_8_1e-06_2e-06_1200_False/images,False
clock,1,8,0.73876953125,0.3229021344866071,4,250,1e-06,2e-06,1.0,1.0,/home/btech/ayush.singh/tune_krona_outputs/clock/krona_8_1e-06_2e-06_1000_True/images,True
dog6,1,8,0.73046875,0.2965351826435811,2,250,1e-06,2e-06,1.0,1.0,/home/btech/ayush.singh/tune_krona_outputs/dog6/krona_8_1e-06_2e-06_400_True/images,True
backpack,1,8,0.775390625,0.3223876953125,4,250,2e-06,2e-05,1.0,1.0,/home/btech/ayush.singh/tune_krona_outputs/backpack/krona_8_2e-06_2e-05_1000_True/images,True
clock,1,8,0.74267578125,0.3160923549107143,67,6,1e-06,1e-06,1.0,1.0,/home/btech/ayush.singh/tune_krona_outputs/clock/krona_8_1e-06_1e-06_400_False/images,False
teapot,1,8,0.767578125,0.3429850260416666,4,250,1e-06,2e-06,1.0,1.0,/home/btech/ayush.singh/tune_krona_outputs/teapot/krona_8_1e-06_2e-06_1000_True/images,True
dog6,1,8,0.7138671875,0.3018204972550675,200,5,1e-06,2e-06,1.0,1.0,/home/btech/ayush.singh/tune_krona_outputs/dog6/krona_8_1e-06_2e-06_1000_False/images,False
dog2,1,8,0.7001953125,0.3039132254464285,4,250,2e-06,2e-05,1.0,1.0,/home/btech/ayush.singh/tune_krona_outputs/dog2/krona_8_2e-06_2e-05_1000_True/images,True
dog6,1,8,0.71435546875,0.2998574746621621,4,250,1e-06,2e-06,1.0,1.0,/home/btech/ayush.singh/tune_krona_outputs/dog6/krona_8_1e-06_2e-06_800_True/images,True
cat,1,8,0.7880859375,0.3134765625,5,250,2e-06,2e-05,1.0,1.0,/home/btech/ayush.singh/tune_krona_outputs/cat/krona_8_2e-06_2e-05_1200_True/images,True
clock,1,8,0.7333984375,0.3193620954241071,5,250,1e-06,2e-06,1.0,1.0,/home/btech/ayush.singh/tune_krona_outputs/clock/krona_8_1e-06_2e-06_1200_True/images,True
clock,1,8,0.7490234375,0.3186209542410714,134,6,1e-06,1e-06,1.0,1.0,/home/btech/ayush.singh/tune_krona_outputs/clock/krona_8_1e-06_1e-06_800_False/images,False
teapot,1,8,0.77783203125,0.3421956380208333,5,250,1e-06,2e-06,1.0,1.0,/home/btech/ayush.singh/tune_krona_outputs/teapot/krona_8_1e-06_2e-06_1200_True/images,True
backpack,1,8,0.79150390625,0.3241261449353448,5,250,2e-06,2e-05,1.0,1.0,/home/btech/ayush.singh/tune_krona_outputs/backpack/krona_8_2e-06_2e-05_1200_True/images,True
clock,1,8,0.75146484375,0.3135114397321428,2,250,1e-06,1e-06,1.0,1.0,/home/btech/ayush.singh/tune_krona_outputs/clock/krona_8_1e-06_1e-06_400_True/images,True
cat,1,8,0.77880859375,0.3168861126077586,2,250,2e-06,1e-05,1.0,1.0,/home/btech/ayush.singh/tune_krona_outputs/cat/krona_8_2e-06_1e-05_400_True/images,True
dog6,1,8,0.72265625,0.3003193623310811,240,5,1e-06,2e-06,1.0,1.0,/home/btech/ayush.singh/tune_krona_outputs/dog6/krona_8_1e-06_2e-06_1200_False/images,False
dog6,1,8,0.7099609375,0.2917777396537162,4,250,1e-06,2e-06,1.0,1.0,/home/btech/ayush.singh/tune_krona_outputs/dog6/krona_8_1e-06_2e-06_1000_True/images,True
teapot,1,8,0.763671875,0.3469401041666666,2,250,1e-06,1e-06,1.0,1.0,/home/btech/ayush.singh/tune_krona_outputs/teapot/krona_8_1e-06_1e-06_400_True/images,True
clock,1,8,0.7431640625,0.3163713727678571,167,6,1e-06,1e-06,1.0,1.0,/home/btech/ayush.singh/tune_krona_outputs/clock/krona_8_1e-06_1e-06_1000_False/images,False
backpack,1,8,0.78173828125,0.3236883755387931,2,250,2e-06,1e-05,1.0,1.0,/home/btech/ayush.singh/tune_krona_outputs/backpack/krona_8_2e-06_1e-05_400_True/images,True
dog6,1,8,0.7216796875,0.2989139041385135,80,5,1e-06,1e-06,1.0,1.0,/home/btech/ayush.singh/tune_krona_outputs/dog6/krona_8_1e-06_1e-06_400_False/images,False
dog2,1,8,0.70263671875,0.3030970982142857,5,250,2e-06,2e-05,1.0,1.0,/home/btech/ayush.singh/tune_krona_outputs/dog2/krona_8_2e-06_2e-05_1200_True/images,True
clock,1,8,0.7412109375,0.31689453125,4,250,1e-06,1e-06,1.0,1.0,/home/btech/ayush.singh/tune_krona_outputs/clock/krona_8_1e-06_1e-06_800_True/images,True
cat,1,8,0.787109375,0.3146467537715517,4,250,2e-06,1e-05,1.0,1.0,/home/btech/ayush.singh/tune_krona_outputs/cat/krona_8_2e-06_1e-05_800_True/images,True
teapot,1,8,0.76806640625,0.3446044921875,4,250,1e-06,1e-06,1.0,1.0,/home/btech/ayush.singh/tune_krona_outputs/teapot/krona_8_1e-06_1e-06_800_True/images,True
dog6,1,8,0.71875,0.2989336993243243,5,250,1e-06,2e-06,1.0,1.0,/home/btech/ayush.singh/tune_krona_outputs/dog6/krona_8_1e-06_2e-06_1200_True/images,True
dog2,1,8,0.69189453125,0.3025320870535714,2,250,2e-06,1e-05,1.0,1.0,/home/btech/ayush.singh/tune_krona_outputs/dog2/krona_8_2e-06_1e-05_400_True/images,True
dog6,1,8,0.71875,0.3022295977618243,160,5,1e-06,1e-06,1.0,1.0,/home/btech/ayush.singh/tune_krona_outputs/dog6/krona_8_1e-06_1e-06_800_False/images,False
clock,1,8,0.744140625,0.3167027064732143,200,6,1e-06,1e-06,1.0,1.0,/home/btech/ayush.singh/tune_krona_outputs/clock/krona_8_1e-06_1e-06_1200_False/images,False
backpack,1,8,0.76904296875,0.3283607219827586,4,250,2e-06,1e-05,1.0,1.0,/home/btech/ayush.singh/tune_krona_outputs/backpack/krona_8_2e-06_1e-05_800_True/images,True
clock,1,8,0.75537109375,0.3211146763392857,4,250,1e-06,1e-06,1.0,1.0,/home/btech/ayush.singh/tune_krona_outputs/clock/krona_8_1e-06_1e-06_1000_True/images,True
dog6,1,8,0.7099609375,0.3003226615287162,2,250,1e-06,1e-06,1.0,1.0,/home/btech/ayush.singh/tune_krona_outputs/dog6/krona_8_1e-06_1e-06_400_True/images,True
clock,1,8,0.75634765625,0.3073904854910714,67,6,1e-06,5e-05,1.0,1.0,/home/btech/ayush.singh/tune_krona_outputs/clock/krona_8_1e-06_5e-05_400_False/images,False
teapot,1,8,0.7607421875,0.342578125,4,250,1e-06,1e-06,1.0,1.0,/home/btech/ayush.singh/tune_krona_outputs/teapot/krona_8_1e-06_1e-06_1000_True/images,True
dog6,1,8,0.7119140625,0.3013421135979729,200,5,1e-06,1e-06,1.0,1.0,/home/btech/ayush.singh/tune_krona_outputs/dog6/krona_8_1e-06_1e-06_1000_False/images,False
dog2,1,8,0.69970703125,0.3027134486607143,4,250,2e-06,1e-05,1.0,1.0,/home/btech/ayush.singh/tune_krona_outputs/dog2/krona_8_2e-06_1e-05_800_True/images,True
cat,1,8,0.78076171875,0.3167472050107758,4,250,2e-06,1e-05,1.0,1.0,/home/btech/ayush.singh/tune_krona_outputs/cat/krona_8_2e-06_1e-05_1000_True/images,True
dog6,1,8,0.71923828125,0.2994417757601351,4,250,1e-06,1e-06,1.0,1.0,/home/btech/ayush.singh/tune_krona_outputs/dog6/krona_8_1e-06_1e-06_800_True/images,True
clock,1,8,0.779296875,0.306640625,134,6,1e-06,5e-05,1.0,1.0,/home/btech/ayush.singh/tune_krona_outputs/clock/krona_8_1e-06_5e-05_800_False/images,False
clock,1,8,0.73388671875,0.3169817243303571,5,250,1e-06,1e-06,1.0,1.0,/home/btech/ayush.singh/tune_krona_outputs/clock/krona_8_1e-06_1e-06_1200_True/images,True
backpack,1,8,0.78759765625,0.3298003098060345,4,250,2e-06,1e-05,1.0,1.0,/home/btech/ayush.singh/tune_krona_outputs/backpack/krona_8_2e-06_1e-05_1000_True/images,True
teapot,1,8,0.7783203125,0.34697265625,5,250,1e-06,1e-06,1.0,1.0,/home/btech/ayush.singh/tune_krona_outputs/teapot/krona_8_1e-06_1e-06_1200_True/images,True
clock,1,8,0.744140625,0.3138340541294643,2,250,1e-06,5e-05,1.0,1.0,/home/btech/ayush.singh/tune_krona_outputs/clock/krona_8_1e-06_5e-05_400_True/images,True
dog6,1,8,0.7119140625,0.2987390466638513,240,5,1e-06,1e-06,1.0,1.0,/home/btech/ayush.singh/tune_krona_outputs/dog6/krona_8_1e-06_1e-06_1200_False/images,False
dog6,1,8,0.72265625,0.3012728304476351,4,250,1e-06,1e-06,1.0,1.0,/home/btech/ayush.singh/tune_krona_outputs/dog6/krona_8_1e-06_1e-06_1000_True/images,True
clock,1,8,0.79443359375,0.3028302873883928,167,6,1e-06,5e-05,1.0,1.0,/home/btech/ayush.singh/tune_krona_outputs/clock/krona_8_1e-06_5e-05_1000_False/images,False
teapot,1,8,0.78759765625,0.3394775390625,2,250,1e-06,5e-05,1.0,1.0,/home/btech/ayush.singh/tune_krona_outputs/teapot/krona_8_1e-06_5e-05_400_True/images,True
dog2,1,8,0.69091796875,0.3042340959821428,4,250,2e-06,1e-05,1.0,1.0,/home/btech/ayush.singh/tune_krona_outputs/dog2/krona_8_2e-06_1e-05_1000_True/images,True
dog6,1,8,0.73291015625,0.2981088999155405,80,5,1e-06,5e-05,1.0,1.0,/home/btech/ayush.singh/tune_krona_outputs/dog6/krona_8_1e-06_5e-05_400_False/images,False
cat,1,8,0.7880859375,0.3138932852909483,5,250,2e-06,1e-05,1.0,1.0,/home/btech/ayush.singh/tune_krona_outputs/cat/krona_8_2e-06_1e-05_1200_True/images,True
clock,1,8,0.77392578125,0.30633544921875,4,250,1e-06,5e-05,1.0,1.0,/home/btech/ayush.singh/tune_krona_outputs/clock/krona_8_1e-06_5e-05_800_True/images,True
backpack,1,8,0.78857421875,0.3254562904094827,5,250,2e-06,1e-05,1.0,1.0,/home/btech/ayush.singh/tune_krona_outputs/backpack/krona_8_2e-06_1e-05_1200_True/images,True
teapot,1,8,0.7763671875,0.3383463541666666,4,250,1e-06,5e-05,1.0,1.0,/home/btech/ayush.singh/tune_krona_outputs/teapot/krona_8_1e-06_5e-05_800_True/images,True
cat,1,8,0.828125,0.3032647494612069,2,250,2e-06,0.0005,1.0,1.0,/home/btech/ayush.singh/tune_krona_outputs/cat/krona_8_2e-06_0.0005_400_True/images,True
dog6,1,8,0.7568359375,0.2940079972550675,160,5,1e-06,5e-05,1.0,1.0,/home/btech/ayush.singh/tune_krona_outputs/dog6/krona_8_1e-06_5e-05_800_False/images,False
clock,1,8,0.79150390625,0.3033316476004464,200,6,1e-06,5e-05,1.0,1.0,/home/btech/ayush.singh/tune_krona_outputs/clock/krona_8_1e-06_5e-05_1200_False/images,False
dog6,1,8,0.71923828125,0.3036647487331081,5,250,1e-06,1e-06,1.0,1.0,/home/btech/ayush.singh/tune_krona_outputs/dog6/krona_8_1e-06_1e-06_1200_True/images,True
clock,1,8,0.77392578125,0.3107125418526785,4,250,1e-06,5e-05,1.0,1.0,/home/btech/ayush.singh/tune_krona_outputs/clock/krona_8_1e-06_5e-05_1000_True/images,True
backpack,1,8,0.81787109375,0.3203419652478448,2,250,2e-06,0.0005,1.0,1.0,/home/btech/ayush.singh/tune_krona_outputs/backpack/krona_8_2e-06_0.0005_400_True/images,True
clock,1,8,0.75634765625,0.3143048967633928,67,6,1e-06,2e-05,1.0,1.0,/home/btech/ayush.singh/tune_krona_outputs/clock/krona_8_1e-06_2e-05_400_False/images,False
dog6,1,8,0.72998046875,0.3021999049831081,2,250,1e-06,5e-05,1.0,1.0,/home/btech/ayush.singh/tune_krona_outputs/dog6/krona_8_1e-06_5e-05_400_True/images,True
dog2,1,8,0.6875,0.30771484375,5,250,2e-06,1e-05,1.0,1.0,/home/btech/ayush.singh/tune_krona_outputs/dog2/krona_8_2e-06_1e-05_1200_True/images,True
teapot,1,8,0.78466796875,0.3401692708333333,4,250,1e-06,5e-05,1.0,1.0,/home/btech/ayush.singh/tune_krona_outputs/teapot/krona_8_1e-06_5e-05_1000_True/images,True
dog6,1,8,0.74267578125,0.2945886560388513,200,5,1e-06,5e-05,1.0,1.0,/home/btech/ayush.singh/tune_krona_outputs/dog6/krona_8_1e-06_5e-05_1000_False/images,False
cat,1,8,0.8369140625,0.2962983230064655,4,250,2e-06,0.0005,1.0,1.0,/home/btech/ayush.singh/tune_krona_outputs/cat/krona_8_2e-06_0.0005_800_True/images,True
clock,1,8,0.76513671875,0.3108607700892857,134,6,1e-06,2e-05,1.0,1.0,/home/btech/ayush.singh/tune_krona_outputs/clock/krona_8_1e-06_2e-05_800_False/images,False
dog2,1,8,0.73779296875,0.2954729352678571,2,250,2e-06,0.0005,1.0,1.0,/home/btech/ayush.singh/tune_krona_outputs/dog2/krona_8_2e-06_0.0005_400_True/images,True
dog6,1,8,0.7509765625,0.2956114073057432,4,250,1e-06,5e-05,1.0,1.0,/home/btech/ayush.singh/tune_krona_outputs/dog6/krona_8_1e-06_5e-05_800_True/images,True
backpack,1,8,0.80908203125,0.322821255387931,4,250,2e-06,0.0005,1.0,1.0,/home/btech/ayush.singh/tune_krona_outputs/backpack/krona_8_2e-06_0.0005_800_True/images,True
clock,1,8,0.779296875,0.3106340680803571,5,250,1e-06,5e-05,1.0,1.0,/home/btech/ayush.singh/tune_krona_outputs/clock/krona_8_1e-06_5e-05_1200_True/images,True
teapot,1,8,0.80078125,0.3333821614583333,5,250,1e-06,5e-05,1.0,1.0,/home/btech/ayush.singh/tune_krona_outputs/teapot/krona_8_1e-06_5e-05_1200_True/images,True
clock,1,8,0.7490234375,0.3169468470982143,2,250,1e-06,2e-05,1.0,1.0,/home/btech/ayush.singh/tune_krona_outputs/clock/krona_8_1e-06_2e-05_400_True/images,True
dog6,1,8,0.74462890625,0.2937176678631756,240,5,1e-06,5e-05,1.0,1.0,/home/btech/ayush.singh/tune_krona_outputs/dog6/krona_8_1e-06_5e-05_1200_False/images,False
clock,1,8,0.75390625,0.3143484933035714,167,6,1e-06,2e-05,1.0,1.0,/home/btech/ayush.singh/tune_krona_outputs/clock/krona_8_1e-06_2e-05_1000_False/images,False
cat,1,8,0.8408203125,0.2914155105064655,4,250,2e-06,0.0005,1.0,1.0,/home/btech/ayush.singh/tune_krona_outputs/cat/krona_8_2e-06_0.0005_1000_True/images,True
dog6,1,8,0.74755859375,0.2995869404560811,4,250,1e-06,5e-05,1.0,1.0,/home/btech/ayush.singh/tune_krona_outputs/dog6/krona_8_1e-06_5e-05_1000_True/images,True
dog2,1,8,0.7578125,0.2892403738839286,4,250,2e-06,0.0005,1.0,1.0,/home/btech/ayush.singh/tune_krona_outputs/dog2/krona_8_2e-06_0.0005_800_True/images,True
teapot,1,8,0.78076171875,0.3413167317708333,2,250,1e-06,2e-05,1.0,1.0,/home/btech/ayush.singh/tune_krona_outputs/teapot/krona_8_1e-06_2e-05_400_True/images,True
dog6,1,8,0.72802734375,0.2986433699324324,80,5,1e-06,2e-05,1.0,1.0,/home/btech/ayush.singh/tune_krona_outputs/dog6/krona_8_1e-06_2e-05_400_False/images,False
clock,1,8,0.76171875,0.3069022042410714,4,250,1e-06,2e-05,1.0,1.0,/home/btech/ayush.singh/tune_krona_outputs/clock/krona_8_1e-06_2e-05_800_True/images,True
backpack,1,8,0.826171875,0.3195716594827586,4,250,2e-06,0.0005,1.0,1.0,/home/btech/ayush.singh/tune_krona_outputs/backpack/krona_8_2e-06_0.0005_1000_True/images,True
